sku,color1,color2,color3,image,error
10000,,,,,"no-image"
10001,,,,,"no-image"
10002,#ffffff,#a57b5a,#a5845a,"https://drive.google.com/uc?export=view&id=1JrGeVxJI15MDNOai82tpr0PARlxMFR9T",
10003,#ffffff,#9c7b6b,#947b63,"https://drive.google.com/uc?export=view&id=1kG0uUvnTVTNH8uwQh6PQoBiYrS54kEBm",
10004,#ffffff,#6b524a,#634a42,"https://drive.google.com/uc?export=view&id=14hzo9QzqE5-JmcBJEGresLx-9RBC1Hed",
10005,#ffffff,#6b523a,#7b5a42,"https://drive.google.com/uc?export=view&id=1VSx7MkDhgiTpGlBA2oNVKx6CJjoxaKkN",
10006,#ffffff,#634a3a,#4a3a31,"https://drive.google.com/uc?export=view&id=1rfTNtEvLvJpxFjxFfC8l_lVZ7B59ZUE-",
10007,#ffffff,#947342,#8c6b3a,"https://drive.google.com/uc?export=view&id=1Lyz-P-ALWVmcq8wgfGbswXfcmVoA1Mkd",
10008,,,,,"no-image"
10009,,,,,"no-image"
10010,#ffffff,#84735a,#7b6b52,"https://drive.google.com/uc?export=view&id=1NMN4eRyuMMNnRnPvtaCT8bacwtnM3NJz",
10011,#846b52,#8c735a,#7b634a,"https://drive.google.com/uc?export=view&id=1DiWIurHo52rJ4CxfqGMbHCwgWLxUtXvc",
10012,#735a4a,#6b5242,#7b6352,"https://drive.google.com/uc?export=view&id=1kgEJBLf1QbYBHCH7WvLlR0Yz0Hm5Eat4",
10013,#ffffff,#422921,#732119,"https://drive.google.com/uc?export=view&id=1Jhg2qGysyuF3rrrY4q2bRy-I6406CfAF",
10014,#ffffff,#73523a,#7b5a42,"https://drive.google.com/uc?export=view&id=1fl2OPf9rknYCbY4kfk6bu9R07C99fVoi",
10015,#ffffff,#6b523a,#634a31,"https://drive.google.com/uc?export=view&id=1giKJ6lelhVCmHH_ILFe4Y2S_pvcMXzcE",
10016,#5a2921,#633129,#522921,"https://drive.google.com/uc?export=view&id=1nv6hca2K36sc8EtDKicj4ObObjHjNkkH",
10017,#ffffff,#b58c6b,#9c7b63,"https://drive.google.com/uc?export=view&id=1y0jw3Trw8Gw3xaB5v8TJnyKgu9X7GI1i",
10018,#846b52,#8c6b52,#8c735a,"https://drive.google.com/uc?export=view&id=1StUM0Bns5BaApeBG7ofFuwcf6rxk1acF",
10019,#634a3a,#732921,#5a4231,"https://drive.google.com/uc?export=view&id=146xRnWyJsSRD06tbB8f86nmZzBNibWEx",
10020,#9c7b63,#a5846b,#845a4a,"https://drive.google.com/uc?export=view&id=1UrNMyfrbd7kV6UlciJi3CsECmk3svXMD",
10021,#8c6b52,#84634a,#846b52,"https://drive.google.com/uc?export=view&id=1n4y9bmiPgAQx76JO8Xmxc6N3jpq0cjhU",
10022,#ffffff,#6b5242,#735a4a,"https://drive.google.com/uc?export=view&id=1VqVzOD6Yc1YdK4IISFxHE5LK4jlsYlVK",
10023,#ffffff,#947b63,#8c735a,"https://drive.google.com/uc?export=view&id=12KU8N36bxCEpBuUB1KD0IUE_KC-ObpPm",
10024,#94735a,#8c735a,#8c6b52,"https://drive.google.com/uc?export=view&id=1Bbe8B0MOU6wpdZsrk0xgtjQe7ePrvoTy",
10025,#ffffff,#846b52,#9c846b,"https://drive.google.com/uc?export=view&id=1Hwpvkp7yhGaBl4bUgdYm-rTS86HfUjT-",
10026,#5a4231,#634231,#634a3a,"https://drive.google.com/uc?export=view&id=1j9qxX46jpMi_hQN7Yiy8bSIgmWg3xHiT",
10027,#8c735a,#8c6b5a,#947b63,"https://drive.google.com/uc?export=view&id=1lc-IdyXUEiNyGgq5aoU0M5hFcrHZ_qmi",
10028,#ffffff,#634a3a,#5a4a3a,"https://drive.google.com/uc?export=view&id=1gvpdIb9U694fUMDZ53EGYfkfs-pbpfAx",
10029,#ffffff,#7b634a,#6b5a42,"https://drive.google.com/uc?export=view&id=1RQ4ImVfG-IU4ZLSDqnr3vAujOhQ8qR9p",
10030,#6b5242,#634a42,#8c7b63,"https://drive.google.com/uc?export=view&id=1zkRL0oLV4Fayg-2mRVRVY9RHZRsMkTZE",
10031,#ffffff,#52423a,#5a4a42,"https://drive.google.com/uc?export=view&id=1WcpSccp_MV2MJKHrVVoyQUm3jnwICihk",
10032,#ffffff,#5a0810,#522121,"https://drive.google.com/uc?export=view&id=15Rt6Xm48V6pC9oWHbjwKgWE8IWG_mZCx",
10033,#ffffff,#94735a,#8c6b52,"https://drive.google.com/uc?export=view&id=1OLkr8PkIpcXNnRT9Sqm0I3lrGgvw_cpP",
10034,#ffffff,#9c847b,#947b73,"https://drive.google.com/uc?export=view&id=1fZ2FXVNY5orxNIHk-NOyyuU_NuupC4vm",
10035,#ffffff,#735242,#5a4231,"https://drive.google.com/uc?export=view&id=1Rb397NfdhCrnC24q4IuScINgpk6oReon",
10036,#846342,#8c6b4a,#846b4a,"https://drive.google.com/uc?export=view&id=1sqduI95iLypbBi0EzDuMi5R6bFui1hcx",
10037,#8c7b63,#94846b,#847363,"https://drive.google.com/uc?export=view&id=1zkp4fPk_VtjU6OQh7g7h72Ih7lVkjcca",
10038,#ffffff,#635a4a,#736352,"https://drive.google.com/uc?export=view&id=1-IUNNKhnbJCfh8tP2_huwF28-2CRZYCY",
10039,,,,,"no-image"
10040,,,,,"no-image"
10041,#ffffff,#735a4a,#6b5242,"https://drive.google.com/uc?export=view&id=1ac5p_ijHsn9yiNbgieNzMRf1v1578ZXN",
10042,#ffffff,#736352,#52423a,"https://drive.google.com/uc?export=view&id=1XUxJhZMzFQDh51Q2TKhxXiCU5LtX0sdh",
10043,#ffffff,#7b6b5a,#736352,"https://drive.google.com/uc?export=view&id=17nqsb51Xs8rUMIqRv6qtrQ_3cOXr6zqD",
10044,#524242,#4a4242,#7b5a4a,"https://drive.google.com/uc?export=view&id=1JjKU539ZBxhmMo-DU4lKy88NZ0SvSSMG",
10045,,,,,"no-image"
10046,#ffffff,#84634a,#a58463,"https://drive.google.com/uc?export=view&id=1GI9hH4kP4UqVukJi9I7YmcN0NnH0_vO7",
10047,#ffffff,#735a3a,#634a31,"https://drive.google.com/uc?export=view&id=1wbL4XmHczribT9IoH1d6g_peAkCRSpAM",
10048,#8c7b63,#7b6b5a,#846b5a,"https://drive.google.com/uc?export=view&id=1Lfy64rLSHP241K7pY6yMp7Bd-I1iR2u2",
10049,#ffffff,#5a4a3a,#735a42,"https://drive.google.com/uc?export=view&id=1COKxVyK0zN9vZaeb_zMJYDgijlIjOqRO",
10050,,,,,"no-image"
10051,#5a4a42,#8c6b52,#634a42,"https://drive.google.com/uc?export=view&id=1Im4NVYziXGQZopt40yy_0_CcYoUdw_tE",
10052,#ffffff,#6b5a4a,#5a4a42,"https://drive.google.com/uc?export=view&id=1CVSj6rD2tKUgzPrc3wftTUAAFuvXKU5H",
10053,#ffffff,#6b4a3a,#735242,"https://drive.google.com/uc?export=view&id=1nt8L1wpbVTFVmBLRb3jo2K6MPvOMhg2I",
10054,,,,,"no-image"
10055,#ffffff,#7b5a4a,#7b5242,"https://drive.google.com/uc?export=view&id=1_oL9Jzfx1X1zXTjRERYpazexbKYtG9VE",
10056,#ffffff,#735a52,#6b524a,"https://drive.google.com/uc?export=view&id=1RkWGycQwC1oL7gAwLcWihtHHL3eNTdhe",
10057,,,,,"no-image"
10058,,,,,"no-image"
10059,#ffffff,#8c7b63,#7b735a,"https://drive.google.com/uc?export=view&id=1zGsekGWY1Dr6gWbS3LOt7PkF2Nk5p3ip",
10060,#ffffff,#735a4a,#7b6352,"https://drive.google.com/uc?export=view&id=1arAER0pWrYrbrVz1o2SQ1usUFi6P8LdY",
10061,#ffffff,#5a5242,#635242,"https://drive.google.com/uc?export=view&id=11t-zAUUMxdadyHeJIGLBMby8Q7zGbf5G",
10062,#ffffff,#ad9473,#a58c6b,"https://drive.google.com/uc?export=view&id=1SoIRuEHQKJ4jsq6AaWUNDYuAAgnyewpS",
10063,,,,,"no-image"
10064,,,,,"no-image"
10065,#ffffff,#9c8473,#94735a,"https://drive.google.com/uc?export=view&id=15SOH2GvxqHIkAILYdbPD6BfZcrQx5kUK",
10066,#ffffff,#ad947b,#a58c73,"https://drive.google.com/uc?export=view&id=1YHMmWLLFV89Ke6ljgbtYPJOK4NsFwB6n",
10067,#ffffff,#6b523a,#735a42,"https://drive.google.com/uc?export=view&id=1sO0MKkP3VaURCAkQ4nKvBAfKeAriJa6W",
10068,#ffffff,#846b52,#73634a,"https://drive.google.com/uc?export=view&id=1O5cw_YFYmOdYtWGQvCqTin1wTs4Q6PIo",
10069,#ffffff,#6b5a4a,#736352,"https://drive.google.com/uc?export=view&id=15j65GXn3nzgeUiTZ1JaTm82m3eMGDXm9",
10070,#ffffff,#9c6b52,#946b52,"https://drive.google.com/uc?export=view&id=1Ej8cRV3BYzYmCWF13wica-rVZx_LBxEq",
10071,#ffffff,#633121,#633a29,"https://drive.google.com/uc?export=view&id=1ze0vzbGeQqV2fH61aFNiEopAs4cf8PFb",
10072,#ffffff,#947b6b,#846b5a,"https://drive.google.com/uc?export=view&id=1LVPNMHHVsPnXgo22cMMFXV5--S3Exgdh",
10073,#ffffff,#846b52,#8c735a,"https://drive.google.com/uc?export=view&id=1W-yR8N5CuUe2UbE2ecBc6bPjxraLSWFL",
10074,#ffffff,#735a4a,#52423a,"https://drive.google.com/uc?export=view&id=1U35O0Meor7kRfviJur28hAUIc7G5fRq-",
10075,,,,,"no-image"
10076,#ffffff,#7b634a,#735a42,"https://drive.google.com/uc?export=view&id=1ghHcWPkKBrvMiMPijfVGd5wKm_rLjPSP",
10077,#ffffff,#94735a,#9c7b63,"https://drive.google.com/uc?export=view&id=1OGqtcKGr5dqmapQnL2-xxaHJg_bvS3yU",
10078,#ffffff,#84735a,#8c735a,"https://drive.google.com/uc?export=view&id=1p7Sk5Bj9DKPtLyfJfvLm-UxO1Faq6tbP",
10079,,,,,"no-image"
10080,#000000,#8c7b6b,#9c8c7b,"https://drive.google.com/uc?export=view&id=1zvZQYsYlUGq_s-W_oNdYgLvRCM2hvg3K",
10081,#ffffff,#5a4a31,#634a31,"https://drive.google.com/uc?export=view&id=1zFdKIL-_4oWH_HCBSFef8Nh1H_3I3xVj",
10082,#000000,#7b634a,#735a42,"https://drive.google.com/uc?export=view&id=1eIYS-Gji9RmThnNfctru41TDDaemU7cp",
10083,#ffffff,#947352,#84634a,"https://drive.google.com/uc?export=view&id=1ixEL8Zq0viOEqABFgqm5NroGaDbb0d0c",
10084,,,,,"no-image"
10085,#ffffff,#8c6b52,#7b634a,"https://drive.google.com/uc?export=view&id=1wW5Fiziq7YhpwM1zaLreeQiu9ILZEERI",
10086,,,,,"no-image"
10087,#ffffff,#73523a,#6b4a31,"https://drive.google.com/uc?export=view&id=1Wk2mhMjb-GLboUGjJgzML52IhOprUyAr",
10088,,,,,"no-image"
10089,#ffffff,#524231,#634a3a,"https://drive.google.com/uc?export=view&id=1yUHbS1rbkUVCjYDYENJDEPaHxclZhiZ9",
10090,#8c7b6b,#948473,#947b6b,"https://drive.google.com/uc?export=view&id=1DPmHZgdumaFe0uLcyYa31F7ebhGZq9hc",
10091,#ffffff,#101021,#081021,"https://drive.google.com/uc?export=view&id=1SQEqVxKCkExkTOuTBbsq149NNPsyItzD",
10092,,,,,"no-image"
10093,#7b5a4a,#7b6352,#735242,"https://drive.google.com/uc?export=view&id=1nSx2juO4JPWYorLSz0znaDmeS49Dw3Q_",
10094,#ffffff,#84634a,#7b634a,"https://drive.google.com/uc?export=view&id=1KEgSPL9TtHDA8rDEZs2b3U1LcuAxmtL2",
10095,#7b523a,#8c6b4a,#7b5a42,"https://drive.google.com/uc?export=view&id=1IW1DjCHAgZaN-4qu_7iUTX8RIvY5zKUA",
10096,#ffffff,#735a4a,#7b6352,"https://drive.google.com/uc?export=view&id=1G4HdgvzhaNVgRaDy7eeVIfE5dJ_SVT9i",
10097,#ffffff,#946b52,#8c5a42,"https://drive.google.com/uc?export=view&id=1lYc02RdRsMYsbBQjsagnXzbiVnJRMRW2",
10098,#ffffff,#635242,#7b6b5a,"https://drive.google.com/uc?export=view&id=1v6W7RU1qvSf-eCZ0NNS9K0gfp8BUgptT",
10099,#ffffff,#846352,#7b6352,"https://drive.google.com/uc?export=view&id=1VW-FmRzl_pdHMIojnZ3VoMmFVQ9k7Rep",
10100,#634a3a,#6b5242,#635242,"https://drive.google.com/uc?export=view&id=1BSsgFiwAWjyQWbHMOlIo7iJm27W84sKu",
10101,#ffffff,#736352,#84735a,"https://drive.google.com/uc?export=view&id=18Jz1tDB3BU5hluur-Hif6K5l_KICv40y",
10102,#ffffff,#522929,#4a3131,"https://drive.google.com/uc?export=view&id=1g78GF5bUrJ3eW2INxmz3a0hf697ScbGi",
10103,#8c5242,#845242,#844a3a,"https://drive.google.com/uc?export=view&id=1DlWAsidIiY33kUWpRMUuAeYrvu9x4yff",
10104,#ffffff,#7b6352,#846b5a,"https://drive.google.com/uc?export=view&id=1jrDHaUtovBIijcIf5gN7c7dHNs5Owsb1",
10105,#ffffff,#735242,#84634a,"https://drive.google.com/uc?export=view&id=1O8QOqDxR_sXSFsh-rgqknhwrrvfPo1nu",
10106,#ffffff,#946b52,#94735a,"https://drive.google.com/uc?export=view&id=102iwe4Tin7HsHzGT18Lbn04m0VihUIb8",
10107,#846b52,#84634a,#8c6b52,"https://drive.google.com/uc?export=view&id=1imvYttdYZvEM0QbLomGckmJ4YyNWEaTc",
10108,#ffffff,#94735a,#8c6b52,"https://drive.google.com/uc?export=view&id=1lSDcIC_t4FpmJBWM_RbdN0S1yp-TdU-O",
10109,#ffffff,#5a423a,#7b5a4a,"https://drive.google.com/uc?export=view&id=19LW7Rfzv-a9ZMljm_6AthkoyBfzoq1hP",
10110,#ffffff,#6b523a,#63523a,"https://drive.google.com/uc?export=view&id=1yacRCNdgDoTAYvU16lH3C229OMkConmp",
10111,#ffffff,#7b634a,#5a4231,"https://drive.google.com/uc?export=view&id=1OWRI2Oy7ZLadPy2q8-Z3yI8stkIKqva2",
10112,#ffffff,#522121,#5a2929,"https://drive.google.com/uc?export=view&id=14QsUhlwYgkWhq3Z369QuAGaZbMOqZOHz",
10113,#ffffff,#9c7b63,#94735a,"https://drive.google.com/uc?export=view&id=1RigeS1PM8N_XgFZpLy3uZ4qXdn8c7JEg",
10114,#ffffff,#7b6352,#8c735a,"https://drive.google.com/uc?export=view&id=1i0L0llgKvNkxF_7QN2fH0fi_vhHjijIv",
10115,#ffffff,#8c634a,#845a42,"https://drive.google.com/uc?export=view&id=12EGSGJbAtzTh5V58tj5eiI_FZ0XHmTK8",
10116,#ffffff,#7b634a,#735a42,"https://drive.google.com/uc?export=view&id=1EhZWIdweSAJmD2Op2l1aXeRMCmlZHbJv",
10117,#ffffff,#523a31,#5a3a31,"https://drive.google.com/uc?export=view&id=1Bxzg4mn8O1pZfmLASgOrV5WrSBLGfibI",
10118,#ffffff,#8c735a,#846b52,"https://drive.google.com/uc?export=view&id=1NwZWnBkmy5lP8m9SNpFG2Q3D6L0JTlpj",
10119,,,,,"no-image"
10120,#ffffff,#7b634a,#735a42,"https://drive.google.com/uc?export=view&id=1Ei-kXtUiNfgTdj_N4P0IG2hcLOveWAxj",
10121,#ffffff,#5a4242,#635252,"https://drive.google.com/uc?export=view&id=1tpoBkvVohD0lW9VA1B0NfFVTKyawzZtc",
10122,#7b634a,#84634a,#7b5a42,"https://drive.google.com/uc?export=view&id=1noZ0yrsdfTlXG5q68ZN6HlO8GimVunO0",
10123,#ffffff,#634a3a,#5a4231,"https://drive.google.com/uc?export=view&id=1QMXAzyI071NsCcadLuD8BTp-quAPdk0t",
10124,#ffffff,#63523a,#524231,"https://drive.google.com/uc?export=view&id=1qsQzd3DGyKz7h7XDf1ENB2GCRtpGBYUO",
10125,#ffffff,#5a4231,#6b523a,"https://drive.google.com/uc?export=view&id=1FGJ8ps5xx7jVtm7J7AA1XDh_1f9hjz2y",
10126,#8c6b4a,#846342,#84634a,"https://drive.google.com/uc?export=view&id=1dBE-oQAz1bUAUtO12bdnUovF7AmkHE5b",
10127,#ffffff,#5a4a42,#524a42,"https://drive.google.com/uc?export=view&id=1dUHmAmj1NsIhWXqH5-6HbY8v54eKMOkG",
10128,#ffffff,#a58c73,#ad947b,"https://drive.google.com/uc?export=view&id=12Py479rsjK5Q13rL3iqqHnX2LpMT4QE-",
10129,#ffffff,#7b5a4a,#845a4a,"https://drive.google.com/uc?export=view&id=1Mee4FRfoh4d5yp26gpseiY6cuDmds_D9",
10130,#ffffff,#ad846b,#a57363,"https://drive.google.com/uc?export=view&id=1a147Ir9jkH7pnpUonelzfYbcdg8ouRHz",
10131,#ffffff,#8c7363,#947b6b,"https://drive.google.com/uc?export=view&id=1PuLwzUMbmd-ZVIjVCDapkwqOPx8znmAK",
10132,#7b5a4a,#734a3a,#7b5242,"https://drive.google.com/uc?export=view&id=1tgAmiMiV8qxS1VDuRSDq4wehh7sANXXD",
10133,#845a42,#7b5a42,#84634a,"https://drive.google.com/uc?export=view&id=1-BTJkjS8AC3eyLyaADtD6_g82Ymhw-yk",
10134,#ffffff,#948473,#8c7b6b,"https://drive.google.com/uc?export=view&id=11wtro9IOnAuyyWp20zE-Pw4LZe69IOdc",
10135,#ffffff,#9c846b,#947b63,"https://drive.google.com/uc?export=view&id=1wSvUvdTnmUYDYrIdvwPvtvjRqNaNbrRZ",
10136,,,,,"no-image"
10137,#ffffff,#845a42,#7b5a42,"https://drive.google.com/uc?export=view&id=1s5US-ua_tEOlSk8S9iCCtbkBMlX7lmh7",
10138,,,,,"no-image"
10139,#ffffff,#63524a,#6b5a52,"https://drive.google.com/uc?export=view&id=1wqIHh7kKiGy70skY-nOUHMKNbzKHEdeu",
10140,#8c735a,#846b52,#94735a,"https://drive.google.com/uc?export=view&id=1FJzdf1ij7Y-9MGnPpTRKx-Wx29RL98r2",
10141,#ffffff,#b58c73,#a57b63,"https://drive.google.com/uc?export=view&id=1yXkcooLPySJp0ftKheuiLI92aeAvjw80",
10142,#ffffff,#5a5242,#635a4a,"https://drive.google.com/uc?export=view&id=1AzxJPpE7e47CEgem7UuC9k3I5INXyfFO",
10143,#7b6352,#735a4a,#7b634a,"https://drive.google.com/uc?export=view&id=1yw6P3YqodFM5q0tOR8VPcfC_88oQAxhc",
10144,,,,,"no-image"
10145,#ffffff,#846b5a,#7b6352,"https://drive.google.com/uc?export=view&id=1cQ9kbOdfC1RFPE2z4k7TrGORm1nmgO12",
10146,#8c735a,#846b52,#947b63,"https://drive.google.com/uc?export=view&id=1uVwgTxC8LmJAeoDJFHedXnP3IG0iSAki",
10147,#ffffff,#846b5a,#7b6352,"https://drive.google.com/uc?export=view&id=1TsmB8SLB8siCqCZziNpFnZ_zn1rs7h33",
10148,#ffffff,#5a4231,#634a3a,"https://drive.google.com/uc?export=view&id=1LfXBCHe4gJZ4b4oAiJn4FVzNAr9x8izw",
10149,,,,,"no-image"
10150,#ffffff,#944a4a,#8c4a4a,"https://drive.google.com/uc?export=view&id=1nJYCKKO8-2cMLsi3B8SGT30P6CBbICJL",
10151,#ffffff,#63423a,#6b4a42,"https://drive.google.com/uc?export=view&id=1UQ1kADjXtBbjzF111Sjeq9P9FW2BEsSU",
10152,#ffffff,#947b63,#8c6b5a,"https://drive.google.com/uc?export=view&id=1zpLP7FVakjYl8NaGVauh4GNq9yzlIBF3",
10153,#ffffff,#846352,#844a42,"https://drive.google.com/uc?export=view&id=1bH4tb2a2Xw4LNY3wacDJ0m0uL0qn91Y-",
10154,,,,,"no-image"
10155,#ffffff,#8c293a,#842131,"https://drive.google.com/uc?export=view&id=1gYap8AwzlbziQ_39wBqcsaEsWen-Aa57",
10156,#ffffff,#6b5a4a,#635242,"https://drive.google.com/uc?export=view&id=1plSz9f4FDgsZ63pctCk9xaFiXr_mKxxK",
10157,#ffffff,#7b634a,#7b5a4a,"https://drive.google.com/uc?export=view&id=1mTdmlRqwANd1CyXD4jR5L9Xf0FIEXL8V",
10158,#ffffff,#8c7363,#947b6b,"https://drive.google.com/uc?export=view&id=182CrkfyTEW0Nky66M3jHanKjcZ9eVBN-",
10159,,,,,"no-image"
10160,#ffffff,#6b4a3a,#52423a,"https://drive.google.com/uc?export=view&id=1tnHP4a_tic4TXOC1AW0IAr_LVnFQwcRw",
10161,#ffffff,#845a42,#7b523a,"https://drive.google.com/uc?export=view&id=1w7E8rwlMfJ6fpoEiSOfezuuaojBw3pME",
10162,,,,,"no-image"
10163,#ffffff,#634a3a,#5a4231,"https://drive.google.com/uc?export=view&id=1Nrb3mDrA4HHZO6XaDU8Tzdcq_l2nLDyh",
10164,#ffffff,#6b3a3a,#6b3131,"https://drive.google.com/uc?export=view&id=1_Tk5baCg8y0dLTUecVeZzfLpxoy9NjDw",
10165,#ffffff,#b5946b,#ad8c63,"https://drive.google.com/uc?export=view&id=1hGBIjJnvdXD76ku9frjOi8ikuOaH0kgl",
10166,#ffffff,#6b5242,#422921,"https://drive.google.com/uc?export=view&id=1EI1v-HxrDyLZsscqT783wlD-wNy0ssbf",
10167,#ffffff,#523a31,#4a3a31,"https://drive.google.com/uc?export=view&id=1FWvT6T4t53myRsHyX6KBnrzE4o9uWSDQ",
10168,#ffffff,#523129,#522929,"https://drive.google.com/uc?export=view&id=1dbwT2tJBTeiL9sISH38EkVP6Alg01Vyb",
10169,#ffffff,#6b5a4a,#736352,"https://drive.google.com/uc?export=view&id=10kZMc9Yt-ss0Z4CU34XmlkQq5_4Fsjhn",
10170,#846b52,#8c735a,#8c7352,"https://drive.google.com/uc?export=view&id=1GtePUv7AHngKq9p5Oj8CytOciTEvaoN6",
10171,#ffffff,#635242,#73634a,"https://drive.google.com/uc?export=view&id=1lZS5HLhw2M0qfP1Uk4fUbRNJZsrdVol2",
10172,#ffffff,#b59473,#b59c7b,"https://drive.google.com/uc?export=view&id=1VMj1BGZO_3wYFk6t6nYfIkSRLvY5ZqPC",
10173,#7b4a3a,#7b4231,#844a3a,"https://drive.google.com/uc?export=view&id=17NmW98atwzqnNYJXKFCTB5WxoJ1p2pL_",
10174,#ffffff,#948473,#8c7b6b,"https://drive.google.com/uc?export=view&id=1RwgMG_ehXluV5evEQ3RnthejO1E8p3-n",
10175,#7b5a4a,#735242,#846b52,"https://drive.google.com/uc?export=view&id=1VA35q3sQE-r1IVMhI2rfJaxIHTNvHGEv",
10176,#ffffff,#947352,#8c6b4a,"https://drive.google.com/uc?export=view&id=1sj8hd50Uv7IVg-8WGUw9b8KjrFXSg_Hr",
10177,,,,,"no-image"
10178,,,,,"no-image"
10179,,,,,"no-image"
10180,#ffffff,#846342,#8c6b42,"https://drive.google.com/uc?export=view&id=1gZjAZU_oTdmmHGRd1dtBQ7qFv3k77HRt",
10181,#ffffff,#5a4231,#634a3a,"https://drive.google.com/uc?export=view&id=1GfwqHZIzIKxaefZ399PCoJ63dUbRrRXu",
10182,#ffffff,#6b5242,#634a3a,"https://drive.google.com/uc?export=view&id=1RBuTZ9Z2vtcvrRtJN9H5Vht_63E5ENsZ",
10183,#ffffff,#634a3a,#6b5242,"https://drive.google.com/uc?export=view&id=1eLvqaggn7thpYTP0weYYa-VhEXB3AgY7",
10184,#ffffff,#845a4a,#8c6352,"https://drive.google.com/uc?export=view&id=14kCrn3U_sBJ8FGznEzZ0efZoGKHD_r2F",
10185,#ffffff,#7b635a,#947363,"https://drive.google.com/uc?export=view&id=1skqdnqcBJ8coYqNtiXKy9KaShT0Eywsq",
10186,#ffffff,#8c4a42,#94524a,"https://drive.google.com/uc?export=view&id=1DX3puIHpIXa5qosONCTRc_plM9Jac_Ca",
10187,,,,,"no-image"
10188,#ffffff,#6b5252,#634a4a,"https://drive.google.com/uc?export=view&id=19uRYBIoDUmUnOsZ_abpYPOyUHPXogPb8",
10189,#ffffff,#8c6b52,#94735a,"https://drive.google.com/uc?export=view&id=1K_iS2NVBKZOc_olTqxwwKQ1szwxQwgyL",
10190,#ffffff,#94735a,#9c7b63,"https://drive.google.com/uc?export=view&id=1p2CXm7lmlZ8sqTWLY2T4L0aTdGCGMQHO",
10191,#ffffff,#9c4a3a,#9c6b52,"https://drive.google.com/uc?export=view&id=1wmzmTXBhYiqO-9SUgA9cAfHr1iNvpCmL",
10192,#ffffff,#ad8c73,#a5846b,"https://drive.google.com/uc?export=view&id=1Z3nEakWgTyhQr4Sf8l_3gr4C3pkmpTKo",
10193,#ffffff,#8c6352,#8c6b5a,"https://drive.google.com/uc?export=view&id=14KAF3il4VkwTVhLx2BkOn4zzE2gofFqB",
10194,#ffffff,#947352,#9c7352,"https://drive.google.com/uc?export=view&id=1So3WKqxKTg4XT_lNqk564TBfIOJZ77uX",
10195,#ffffff,#bd9c7b,#bd9c84,"https://drive.google.com/uc?export=view&id=1zU1-cB0EX8rfKUOd-F1Y0zfuGRzoki8Q",
10196,#ffffff,#7b5a4a,#6b5242,"https://drive.google.com/uc?export=view&id=1fQf0o2TYpW8D0gaxRnYoSDN5nwYiQwQt",
10197,#ffffff,#735a4a,#6b5242,"https://drive.google.com/uc?export=view&id=1xBnhLaPMbCciEwZPgBIo-0RySs_4BL1c",
10198,#ffffff,#9c7b63,#8c6352,"https://drive.google.com/uc?export=view&id=1BhJhTuRkuiMk7K5DO2G991-ZLVpNRHjN",
10199,#ffffff,#846b5a,#735a4a,"https://drive.google.com/uc?export=view&id=1uusHuuPwmM1NaMbwBg-GKmknFzXA1zFD",
10200,#8c3a3a,#943a3a,#944242,"https://drive.google.com/uc?export=view&id=13a2kYSqW6PE0n7H0hTbu4snyzLtnfx9W",
10201,#ffffff,#6b635a,#73635a,"https://drive.google.com/uc?export=view&id=1JII6auBM8RaydlSveHy_COJ-gzfdvs2V",
10202,#633a29,#6b4231,#6b4a3a,"https://drive.google.com/uc?export=view&id=1gXTwXzFWOIOCWR-ZB9Q4kwmkwZAJTR1w",
10203,#ffffff,#ad6b52,#8c6b52,"https://drive.google.com/uc?export=view&id=1b3plkShlDB2sorl2t7d_zGJIzRNM04kJ",
10204,#7b5a42,#634a3a,#84634a,"https://drive.google.com/uc?export=view&id=1AfQ-2EondoDdFz6as0_LZ8hggBSdtmPl",
10205,#ffffff,#7b5a42,#84634a,"https://drive.google.com/uc?export=view&id=1KiyXY1FGRuZuZ_B_3e9gFuxZxuHdckpX",
10206,#ffffff,#947352,#9c7b5a,"https://drive.google.com/uc?export=view&id=1DDl4el1TLdMheekBCiSvrEANmSHtQoXJ",
10207,#94846b,#6b524a,#948473,"https://drive.google.com/uc?export=view&id=1p4CcIMxpDbI_O_6QC91kyfGSWtUB85AN",
10208,#6b5242,#634a3a,#635242,"https://drive.google.com/uc?export=view&id=17kqMP_G_KtoXuqN0mZZZw6XrBs4_UPBT",
10209,#7b6b52,#735a4a,#736352,"https://drive.google.com/uc?export=view&id=1oVbq5ZYuVRpcBOb_h58H3sG9rVMv-OMY",
10210,#ffffff,#8c6b5a,#947363,"https://drive.google.com/uc?export=view&id=1LyU665h6ZoNSotsbaRBfKVUnux-UDDkV",
10211,#ffffff,#8c6b5a,#947363,"https://drive.google.com/uc?export=view&id=1r9GKdcH2doAszTkIb_MTlnqYjpJZGFA8",
10212,#ffffff,#bd8473,#b58473,"https://drive.google.com/uc?export=view&id=1lhmYfJeSCf4UuGO0UkFd-WO0zKE5D93m",
10213,#ffffff,#635a52,#52423a,"https://drive.google.com/uc?export=view&id=1vqC4ArZKjhMfUrKtxhnlefseUF9yfCgB",
10214,#846b52,#8c735a,#7b634a,"https://drive.google.com/uc?export=view&id=1nCxXhAoGuqbqk60jvGXqTEvNnyX2s_sA",
10215,#ffffff,#6b635a,#73635a,"https://drive.google.com/uc?export=view&id=1r5CjoCrNla1gBfasqUVuGERj7SnHsmrD",
10216,#ffffff,#8c7363,#a58c7b,"https://drive.google.com/uc?export=view&id=1X8NXIIMgrzBjnqJGSlglFnFqJuUvziGr",
10217,#ffffff,#9c4242,#943a3a,"https://drive.google.com/uc?export=view&id=1b0vb_WDtYl2bBcIEzMuaSNPYv2ybD8JC",
10218,#ffffff,#94735a,#9c7b63,"https://drive.google.com/uc?export=view&id=1m_wo0RNIvd1zuRr15-CMNlvx_zjjw0pr",
10219,,,,,"no-image"
10220,#8c7352,#947b5a,#8c6b52,"https://drive.google.com/uc?export=view&id=1LNv0lzfgFtki8KQcANbIRKDH_FuyeFcT",
10221,#84634a,#8c6b52,#8c634a,"https://drive.google.com/uc?export=view&id=1W_xtU0I4NlALsBsyhKy02xDgz88f2NP_",
10222,#ffffff,#9c847b,#9c8c84,"https://drive.google.com/uc?export=view&id=1J05rpxfP3tVHkURCDmJG8JP6iRLcKn5j",
10223,#ffffff,#94735a,#7b5a42,"https://drive.google.com/uc?export=view&id=1QS5BUiexOfl9QE7A4-GD6uZHXBP7Ocr3",
10224,#945a4a,#8c6352,#946352,"https://drive.google.com/uc?export=view&id=1hyjNhVD8xeCSWNIQpy76z4tcj-0IHnXx",
10225,#ffffff,#8c634a,#845a42,"https://drive.google.com/uc?export=view&id=1R0mdIzNu5gBplIrR7jz6W4cyQxwNIFQJ",
10226,#a5735a,#ad8c6b,#ad8463,"https://drive.google.com/uc?export=view&id=1C7FPeemeUwO8w1CnD_mD8lcTrE2g3but",
10227,#9c7b63,#94735a,#8c6b5a,"https://drive.google.com/uc?export=view&id=16ziZFuW1o9ooKWcNgy8a8JWUPWaVovTH",
10228,#ffffff,#8c7363,#947b6b,"https://drive.google.com/uc?export=view&id=1n6L9BMDGFowRVLHQcZijM5F1x3QkGjlB",
10229,#845a4a,#846352,#8c6352,"https://drive.google.com/uc?export=view&id=12tKFy9nEMnyB7zv_DYpAkysX-_LSuOnO",
10230,#84634a,#a5845a,#7b5a42,"https://drive.google.com/uc?export=view&id=1HUlZO-68c5JEyjKwFMdsS_bEuOetqWy9",
10231,#7b5a4a,#7b3a3a,#733a3a,"https://drive.google.com/uc?export=view&id=1jgYEX3xgw-DSKRliA7qdKJBje1h6OqCq",
10232,#b5946b,#ad8c6b,#ad8c63,"https://drive.google.com/uc?export=view&id=16wu_uyusQQ-8NPCmIt3uMImrxHOxCP3Q",
10233,,,,,"no-image"
10234,,,,,"no-image"
10235,#ffffff,#ad9473,#b59c7b,"https://drive.google.com/uc?export=view&id=1dEN97AX817wwGELGjRJCAUF6S4f-ruuY",
10236,#ffffff,#bd9473,#b58c6b,"https://drive.google.com/uc?export=view&id=1PeuWfSZTe2Fqtf7N4y1pwghUlqa5dCiw",
10237,#9c846b,#947b63,#846352,"https://drive.google.com/uc?export=view&id=1ByHo_C5bFxOAIafl1vCnT3DljygUgA8W",
10238,#63524a,#6b5a52,#7b6b5a,"https://drive.google.com/uc?export=view&id=1pjc3aHzlb9sRsGzHV5uZPSmTZihG8jAM",
10239,#ffffff,#73634a,#635242,"https://drive.google.com/uc?export=view&id=1krnVyilmzASrVmDWmF-BCtkVAn_f9dQM",
10240,,,,,"no-image"
10241,#8c6b52,#94735a,#84634a,"https://drive.google.com/uc?export=view&id=1l-ih8Ty5fkUeyem-SIWCpYjn6CUAot7p",
10242,#8c6b52,#84634a,#846b52,"https://drive.google.com/uc?export=view&id=1pTT0oQTtEL85xMJBclN8S3nsLxQLAoPf",
10243,#ad8c73,#a58c73,#b5947b,"https://drive.google.com/uc?export=view&id=1wUUyq3Uo_TE3nmTcIArA2kR1lUjBBV3B",
10244,,,,,"no-image"
10245,#846b63,#8c736b,#7b635a,"https://drive.google.com/uc?export=view&id=1DpDf-DVJlDVUkNPyJ3qva-mjY5rlY0cI",
10246,#8c524a,#945a52,#94524a,"https://drive.google.com/uc?export=view&id=1DL9AhN5owSoRGwB4o2o_DgDwxVxGS_Vu",
10247,#7b6b5a,#847363,#736352,"https://drive.google.com/uc?export=view&id=1FCVKXR2lhcAPHhL8QyYCF9ZEC1HMsdXQ",
10248,#947352,#8c7352,#8c6b4a,"https://drive.google.com/uc?export=view&id=17KfhDUFtrQe92E49z7jBPMu97ZkmSejD",
10249,#8c7363,#7b6352,#947b6b,"https://drive.google.com/uc?export=view&id=18iu71o4_nvu_PtuDyQCBXKhwnU05ng8i",
10250,#63423a,#5a423a,#6b4a42,"https://drive.google.com/uc?export=view&id=1PnRMJf3UXPbDuCbAdXsS57oz5Es7JHVq",
10251,#947b63,#846b5a,#9c846b,"https://drive.google.com/uc?export=view&id=1L531js-C0IBr4EqkNrrJKfkmUrhTRlqq",
10252,#ffffff,#735a4a,#9c6b52,"https://drive.google.com/uc?export=view&id=14Rlvb1K0KqUpgPhEs-yO9zvYBPcgrmU2",
10253,#ffffff,#947b6b,#846b5a,"https://drive.google.com/uc?export=view&id=1dISqXHcs8jWHLX2V-y_9yRigVbwqrsf_",
10254,#8c7b63,#8c7b6b,#847363,"https://drive.google.com/uc?export=view&id=1hYDgSWr5yxFY_6vYXT6TSULRXHf8zYeu",
10255,#7b6352,#846b5a,#7b6b5a,"https://drive.google.com/uc?export=view&id=1i6v01DuQe0_jU0exZItraBPFoQkoYJYh",
10256,,,,,"no-image"
10257,#8c6b5a,#947363,#846b5a,"https://drive.google.com/uc?export=view&id=1HkdBW1FrFdirppu_UI-_XCkvY6ktWDSz",
10258,#ffffff,#9c7b63,#a5846b,"https://drive.google.com/uc?export=view&id=1E9pCqXix7ECJeb8XhxFtidfbIiS7qi1X",
10259,#a5846b,#ad8c73,#b5947b,"https://drive.google.com/uc?export=view&id=1ZubifOciWq8WAAX0aQ4lQ55cEXAIuyZW",
10260,#ad8c6b,#a58463,#b59473,"https://drive.google.com/uc?export=view&id=11mXZ6yBPEjdYCB8NYSnDIju2NhVDdItc",
10261,#8c7b73,#9c8c7b,#948473,"https://drive.google.com/uc?export=view&id=1BbfhekuW5nn1NykPBjJ6KFyCSRkINdtw",
10262,#6b4a42,#6b524a,#73524a,"https://drive.google.com/uc?export=view&id=10po1iLTN7H88Qbq5yUskUIR9vdotMT_k",
10263,#844242,#7b4242,#843a3a,"https://drive.google.com/uc?export=view&id=1YItBgHgEB4d1pYBRtRCmpoFY3zNIY2QF",
10264,,,,,"no-image"
10265,#845a42,#8c634a,#94634a,"https://drive.google.com/uc?export=view&id=1ZuGqcgGB8YEZyaagHlD8pObtweqjwBVH",
10266,,,,,"no-image"
10267,#946352,#ad8c6b,#8c5a4a,"https://drive.google.com/uc?export=view&id=1cUaeQts8W20E7wlWsvz5apsa_lmHKz1v",
10268,,,,,"no-image"
10269,#946b52,#9c735a,#8c6b52,"https://drive.google.com/uc?export=view&id=16Y7kZO2vQkkz2fEMeIr510KhFDv3-6Bs",
10270,#6b4a42,#63423a,#6b3131,"https://drive.google.com/uc?export=view&id=1W_Xxlbaf0AGbdSC2X-13eLZhPXkemkrH",
10271,#ad9473,#a58c6b,#b59c7b,"https://drive.google.com/uc?export=view&id=1v7RWWMeF0u2cerwJD0UqgojikZBLYbkM",
10272,,,,,"no-image"
10273,#9c8c73,#a5947b,#a58c73,"https://drive.google.com/uc?export=view&id=1Drt43HNQGOg9y1ErUBSR8769Am0qWzmh",
10274,#947b6b,#8c7363,#8c7b6b,"https://drive.google.com/uc?export=view&id=11ZZOtfAzR0kj15oElglD9z2-HZFys1oi",
10275,,,,,"no-image"
10276,#ad9c8c,#a59484,#9c8c7b,"https://drive.google.com/uc?export=view&id=1OiOcnh-A14q98BwcUnW0QPmiXHbGRhDu",
10277,#844242,#8c4a4a,#843a3a,"https://drive.google.com/uc?export=view&id=1Dx6Sbh06kbF0RreQC231sxNThosqV6_2",
10278,#ad947b,#b59c84,#a58c73,"https://drive.google.com/uc?export=view&id=1CT0ln-ZRArEPyCex6bH8sm57Yj6pCL-W",
10279,,,,,"no-image"
10280,#9c9c9c,#84736b,#8c7b73,"https://drive.google.com/uc?export=view&id=1X9asB6mveaKOl8uTh_8zqLdGcLq6A95X",
10281,#e6e6e6,#efefef,#ffffff,"https://drive.google.com/uc?export=view&id=1zE-d8B1FGzqKnGt04hziWGa2njH1gIA2",
10282,,,,,"no-image"
10283,#b59473,#bd9c7b,#ad8c6b,"https://drive.google.com/uc?export=view&id=1qnBvxgFOUlRHRKCEIjHxaEQ8n8LdyO_X",
10284,#7b6b5a,#847363,#8c7b6b,"https://drive.google.com/uc?export=view&id=1ReoIBjCMSGGbQk0oK8D5lrielBn7YNGw",
10285,#ad8c73,#946b5a,#9c7363,"https://drive.google.com/uc?export=view&id=1yW2cj1lWalnPldzDhT78OLHLdtk1logL",
10286,#6b5a4a,#736352,#635242,"https://drive.google.com/uc?export=view&id=1OEdiu7CbhKDpNzZbV9-6E2WvMWOyvlSR",
10287,,,,,"no-image"
10288,#ffffff,#191919,#101019,"https://drive.google.com/uc?export=view&id=1eSMtu9vvpIV6fnkLHEaVKtGVZ7TbiT-S",
10289,,,,,"no-image"
10290,#8c7b6b,#947b6b,#948473,"https://drive.google.com/uc?export=view&id=1xzD_F2opc2CGOIBmAfl9YjlF-A6V07J9",
10291,#ffffff,#9c8473,#9c7b6b,"https://drive.google.com/uc?export=view&id=1FWWVrPuR0VP6JoqzcjtS4CfTAma9suiv",
10292,#ffffff,#7b6b63,#73635a,"https://drive.google.com/uc?export=view&id=1OIndZfwzwfPsFzXURsnncV4rfCE4aVhn",
10293,,,,,"no-image"
10294,#ffffff,#080819,#080810,"https://drive.google.com/uc?export=view&id=15CvDZQQUo9khXXJee6Zj1vr6SWJAtx49",
10295,#ffffff,#080819,#080810,"https://drive.google.com/uc?export=view&id=1_xOHb-Wq8B5dkPXVRhWUDSP1HMpxauzV",
10296,,,,,"no-image"
10297,,,,,"no-image"
10298,#ffffff,#ce7373,#d67b7b,"https://drive.google.com/uc?export=view&id=18CsCo14ACLZ_RAoGj1U_5ViGbp2YwSGt",
10299,#ffffff,#731010,#7b1919,"https://drive.google.com/uc?export=view&id=1ja1gm-7RYx2dl2u-RdmglOMWZIp-g79d",
10300,,,,,"no-image"
10301,#ffffff,#a5948c,#9c948c,"https://drive.google.com/uc?export=view&id=1rJi8V2ujsJ1W0txegb9-1p-w1dARGPin",
10302,#ffffff,#94846b,#8c7b63,"https://drive.google.com/uc?export=view&id=1ZCayhhZlqGIoiCXcIQSS6T39IYMkJAnZ",
10303,#ffffff,#94846b,#735a5a,"https://drive.google.com/uc?export=view&id=1v7LO6qCvyynv7UyHZLJW6JuXg0FohVJA",
10304,,,,,"no-image"
10305,#ffffff,#846352,#ad8c73,"https://drive.google.com/uc?export=view&id=1knrX_fVltlZOUbFWNoKqOPDfG9FVNlB7",
10306,#ffffff,#b5a594,#ad9c8c,"https://drive.google.com/uc?export=view&id=1Ni5fvnTeB7F6f8FXm5WcWzbFXs0GDcMB",
10307,#ffffff,#c5a58c,#bd9c84,"https://drive.google.com/uc?export=view&id=19Dg0lXrENa2MuZMan6fEufbLQ7QG6UhR",
10308,#ffffff,#9c8473,#ad9484,"https://drive.google.com/uc?export=view&id=1YYUMWLKV_p7LX9e3Atq1hhHUJu3lnvLs",
10309,#ffffff,#947363,#ad8c73,"https://drive.google.com/uc?export=view&id=1XTm0ejD1EbwFWbdyFi2B89mFYAuB0fM9",
10310,,,,,"no-image"
10311,#ffffff,#634a42,#6b524a,"https://drive.google.com/uc?export=view&id=1dEOoMBLXJzgYqys3pBGg0OqmdK88m27b",
10312,,,,,"no-image"
10313,#ffffff,#a59484,#a58c7b,"https://drive.google.com/uc?export=view&id=1VzhVRsWbWpg-Haxr85uhDs0UCb5qmpf_",
10314,#ffffff,#a58c7b,#9c8473,"https://drive.google.com/uc?export=view&id=1S-gZYHg-rSNElcT1l46_ghORqUAA1ZWB",
10315,#ffffff,#a58c84,#ad8c84,"https://drive.google.com/uc?export=view&id=1P2G_lrnyw8StBrNqP3XsFyMTGmevfY4-",
10316,,,,,"no-image"
10317,#94735a,#9c7b63,#946b52,"https://drive.google.com/uc?export=view&id=1a-lcPOWjVTyihYHKaF4Vx-13dmbKT1iD",
10318,#ffffff,#8c847b,#94847b,"https://drive.google.com/uc?export=view&id=1S0I7mgBiI3SCxBCUcUTJF5GjjVFj9tDe",
10319,,,,,"no-image"
10320,#ffffff,#947b73,#9c8473,"https://drive.google.com/uc?export=view&id=1MgH4jncC13nuq8p_n8yT_C3gDFsqgsfL",
10321,#ffffff,#7b6352,#735a4a,"https://drive.google.com/uc?export=view&id=1JWCnPTy_ZFNSE2zPbuLZHLlxPWkB42Ka",
10322,,,,,"no-image"
10323,#ffffff,#8c6b5a,#846352,"https://drive.google.com/uc?export=view&id=11g1mrkhrwGdykTOD8hapFcKepz1KsI8o",
10324,,,,,"no-image"
10325,#ffffff,#844a4a,#845252,"https://drive.google.com/uc?export=view&id=1CUsvg0cHowpka2Yupt-fTwSWm8Zy1LgX",
10326,,,,,"no-image"
10327,#ffffff,#ad8c84,#b58c84,"https://drive.google.com/uc?export=view&id=1WoQ9JisGs9RihFmwDVbm5J3ZcebJKVGb",
10328,#ffffff,#84634a,#9c7b5a,"https://drive.google.com/uc?export=view&id=1Ni-sFkz1r7nE4QjH4bTcUgZDzZ-YIRUa",
10329,#ffffff,#ad947b,#efe6d6,"https://drive.google.com/uc?export=view&id=1lwpuKHTArxuYwEodswxHzFEQC-F1VJIs",
10330,,,,,"no-image"
10331,#ffffff,#843a21,#8c634a,"https://drive.google.com/uc?export=view&id=1fcT8S7RjSdjmqA_yYAYwLrd_jFrdVcNP",
10332,#ffffff,#845252,#8c5252,"https://drive.google.com/uc?export=view&id=17dsBf2tjQINSG_taYxFRwW23wdIGNyqR",
10333,#ffffff,#a58473,#8c736b,"https://drive.google.com/uc?export=view&id=1CeZYLQjHhGvsdYU_lA9SkCnT3UtCm9RU",
10334,,,,,"no-image"
10335,,,,,"no-image"
10336,,,,,"no-image"
10337,,,,,"no-image"
10338,,,,,"no-image"
10339,,,,,"no-image"
10340,#ffffff,#8c7b73,#84736b,"https://drive.google.com/uc?export=view&id=14-4mcGSxZqBPZ5lMbHztLb1kttu5gSK9",
10341,#ffffff,#ad8c6b,#7b6352,"https://drive.google.com/uc?export=view&id=1WxV5i0jt8ZuMAGeAby7gBt2-5ApdjoHP",
10342,#ffffff,#8c7363,#947b6b,"https://drive.google.com/uc?export=view&id=1GoU08cQ5NbwO52dC-aQAKpXmUw3Pfjmx",
10343,,,,,"no-image"
10344,,,,,"no-image"
10345,#ffffff,#ad847b,#ad8c7b,"https://drive.google.com/uc?export=view&id=1vGQN2GpdZxRvRMA2RJ4eMUuqG2nwOSxP",
10346,#ffffff,#947363,#8c6b5a,"https://drive.google.com/uc?export=view&id=1YhS4kJ0IO5SXzFR2W9Pl14AaZrndN_LV",
10347,#ffffff,#a51919,#ad2119,"https://drive.google.com/uc?export=view&id=1BBUavBylBG5Ry9Vr_AslkcnL-BnX7QBZ",
10348,,,,,"no-image"
10349,#ffffff,#9c7363,#946b5a,"https://drive.google.com/uc?export=view&id=1PxebpW4zAGOxfu_i_520g98ObS2OcvQg",
10350,#ffffff,#ad635a,#ad5a52,"https://drive.google.com/uc?export=view&id=1eQ-AF0vZOIYJ_WvGSJbo2fiv4uXUJbE4",
10351,#ffffff,#7b6b63,#84736b,"https://drive.google.com/uc?export=view&id=1xKuGtoUVf4ZEw325lbY3CuTohSIR1MOa",
10352,,,,,"no-image"
10353,,,,,"no-image"
10354,#ffffff,#9c8c84,#94847b,"https://drive.google.com/uc?export=view&id=16jBeVOjYFM63bYxlbybfV2HA0c91LpR1",
10355,#101010,#8c736b,#080808,"https://drive.google.com/uc?export=view&id=1MlycpiCgWjad79DRQFiC-nAUnWH6sMOQ",
10356,#ffffff,#ad8473,#a57b6b,"https://drive.google.com/uc?export=view&id=1IpKtyt_9ds0bZN2nUjcEY8v15V2vt7bj",
10357,#ffffff,#94847b,#8c7b73,"https://drive.google.com/uc?export=view&id=18PhhwV-mgyr5dPcEjcL1pFi9RntyS7RD",
10358,#948473,#9c8c7b,#8c7b6b,"https://drive.google.com/uc?export=view&id=1h-Zl3jgUvCvLQZ_ioR6grcz8XiBuj6xK",
10359,#ffffff,#8c6b52,#946b52,"https://drive.google.com/uc?export=view&id=1NosEOG5isnhyBgWe4S5sXoNU8XnVXpnW",
10360,,,,,"no-image"
10361,,,,,"no-image"
10362,,,,,"no-image"
10363,#ffffff,#ad8c6b,#a58463,"https://drive.google.com/uc?export=view&id=18FEHXDlSrxLw778orVlrZQtKrvIURQtg",
10364,#8c7b6b,#947b6b,#846b63,"https://drive.google.com/uc?export=view&id=1k6xlMUliTsQF6Ewm0_xkYsPVWrgcyAdl",
10365,,,,,"no-image"
10366,,,,,"no-image"
10367,#ffffff,#8c634a,#845a4a,"https://drive.google.com/uc?export=view&id=1KmOKyxHGaTbfV7tFSCBvq2iHc6upALwr",
10368,,,,,"no-image"
10369,#ffffff,#6b5a52,#7b6b5a,"https://drive.google.com/uc?export=view&id=12ihBoltt3DtWYiCiQah00UyM0U5msozC",
10370,#ffffff,#31423a,#de948c,"https://drive.google.com/uc?export=view&id=1L55kYXJ5CBtlBuSUxm2Kzk5tMkxz70yN",
10371,#ffffff,#9c847b,#a58c84,"https://drive.google.com/uc?export=view&id=1lZXClqeSoj1kflb7m-5XjtQ_oIgsCUuF",
10372,,,,,"no-image"
10373,#8c5242,#7b6352,#846b5a,"https://drive.google.com/uc?export=view&id=1LzluZ5zcUACuCH9g7Ht2VNiObxQCQGk8",
10374,#8c6b52,#a57b63,#9c735a,"https://drive.google.com/uc?export=view&id=19AcgjTmT6ZqVsU5GPvNoK18s83u8FfOr",
10375,#ffffff,#7b5a52,#84635a,"https://drive.google.com/uc?export=view&id=1hbQ0_Sxs6NhJ6bjVLqqgiBC0BP_t3l14",
10376,#ffffff,#f7efce,#846b5a,"https://drive.google.com/uc?export=view&id=16xifs9Ap5BfvO2AnY7UKBCr25HXWpteI",
10377,#ffffff,#847363,#b59c8c,"https://drive.google.com/uc?export=view&id=15S5mzGx27kK7rvB3vE-OX0r9VpG7m6rK",
10378,#ffffff,#213a5a,#293a5a,"https://drive.google.com/uc?export=view&id=1Vs66PV4lSS0V0nvjql9AOHsBxnWjg-j8",
10379,#ffffff,#ad947b,#6b5252,"https://drive.google.com/uc?export=view&id=12F-u0I_l-Glid0oCoRAaBdL58gLCtxj6",
10380,#ffffff,#947363,#8c6b5a,"https://drive.google.com/uc?export=view&id=1oMIHRqIhDvvGt2Y9WTQUlofdYgGXC6WK",
10381,#6b5242,#6b634a,#735a4a,"https://drive.google.com/uc?export=view&id=13BRjVv0W6Ri3kbCPpV6Ri3q1ed1xPOf2",
10382,#731010,#7b1019,#731019,"https://drive.google.com/uc?export=view&id=1psl7RGgb_76dQ1VWxAYPO0ft1WigJX6l",
10383,#6b0810,#630810,#5a1919,"https://drive.google.com/uc?export=view&id=1_tEgtHirQHzlEsV0oAy0V_a3hd7YqXIQ",
10384,#ffffff,#c5b5a5,#bdad9c,"https://drive.google.com/uc?export=view&id=17dPnTAtIfKxpnrzyq8wd2_F75fGnHBgI",
10385,#ffffff,#736b6b,#6b6363,"https://drive.google.com/uc?export=view&id=10wfD-DBQRMSOWTdSB1NfARILpLRjyC1C",
10386,#b57373,#bd7b7b,#b56b73,"https://drive.google.com/uc?export=view&id=1HHS2f-bA_yq4aipYhgrFI6FKQ3ey4yvC",
10387,,,,,"no-image"
10388,#212929,#7b6b63,#73635a,"https://drive.google.com/uc?export=view&id=1PmOQg6BWUaFaWaEnrY79NGvC9acZgvBN",
10389,#8c7b73,#8c847b,#94847b,"https://drive.google.com/uc?export=view&id=13WykY-Hf_m-hH4aKSdLrAdKMKEefx55X",
10390,#ffffff,#ad8452,#c58c63,"https://drive.google.com/uc?export=view&id=1POHxxgOmXjU8mH9PRGmeYsS5eCrbmHHN",
10391,#ffffff,#a5948c,#948c84,"https://drive.google.com/uc?export=view&id=1fTHloVmOrUJKURwsta_TCcVknsdItLXh",
10392,#ffffff,#7b7b84,#848484,"https://drive.google.com/uc?export=view&id=1NT0Y1VJEjGow_Hc8H8jeJRb0lVNB66VF",
10393,#ffffff,#736352,#635a4a,"https://drive.google.com/uc?export=view&id=1BCcDukaN-_yftDwKsraQiOAIGWltNFvf",
10394,#212929,#293131,#847b73,"https://drive.google.com/uc?export=view&id=1iJl9CSlL9XCZ1dQUN6xEggS1nf2v9cy6",
10395,,,,,"no-image"
10396,,,,,"no-image"
10397,,,,,"no-image"
10398,#ffffff,#212131,#63423a,"https://drive.google.com/uc?export=view&id=1c35zcjalTabBz_3c9eG5-oT8Mr1XyNvo",
10399,#ffffff,#6b5252,#735a52,"https://drive.google.com/uc?export=view&id=1zlnOchJD4m-GeY3y4OE0quWKrNkP1vWr",
10401,#ffffff,#734a3a,#84634a,"https://drive.google.com/uc?export=view&id=1fuyj1NF2_ckeviXTVbdSlCt-Hdb8AgcV",
10402,#ffffff,#8c7363,#947b6b,"https://drive.google.com/uc?export=view&id=1Q8zh8dAImbC_VvILbeajvvtRR_1zoJTT",
10403,#ffffff,#a5846b,#9c735a,"https://drive.google.com/uc?export=view&id=1olcLFAH5ZynHmIATc6Lr8recNwKr377S",
10404,#ffffff,#7b6352,#846b5a,"https://drive.google.com/uc?export=view&id=1j27A4uxojgr0uw9FqKQVdkNsJM9exLN8",
10405,#ffffff,#8c634a,#946b52,"https://drive.google.com/uc?export=view&id=1Nd4KniygAzWn3rL5qJ0LEmD63SByj_OM",
10406,#ffffff,#9c7b63,#94735a,"https://drive.google.com/uc?export=view&id=1IISvE52Wqigy7dJ7coO2QoPecuGTVVGH",
10407,#ffffff,#8c634a,#946b52,"https://drive.google.com/uc?export=view&id=1PFuc0npMyCBJVOXstceRVFlSaaTZiBhO",
10408,#ffffff,#ad8c6b,#b59473,"https://drive.google.com/uc?export=view&id=1UjoXu5J8DvzcBOxoHkktJAMtS9QCkllc",
10409,#ffffff,#a57b63,#9c735a,"https://drive.google.com/uc?export=view&id=10ARZMMIbRGz5Mfi6e3YTKkHsXeL0Wv8p",
10410,#ffffff,#ad8c6b,#b59473,"https://drive.google.com/uc?export=view&id=1xWEOKZ_UXlCJfSp88Z-as9Vv-DFXKsEx",
10411,#ffffff,#6b3a3a,#734242,"https://drive.google.com/uc?export=view&id=1HdXF4TgJS3g_CEzgwbCWeU8FArR0K0b_",
10412,#ffffff,#9c846b,#947b63,"https://drive.google.com/uc?export=view&id=1R-rYejknIqDsObZodW0LR_thbP20jvEt",
10413,#ffffff,#8c735a,#7b634a,"https://drive.google.com/uc?export=view&id=1EABoj9KWVzZcE8Etz9UEsCVP7sMKsQ-B",
10416,#ffffff,#735a52,#846b63,"https://drive.google.com/uc?export=view&id=1ziP3uavup_ZImt3zkV0tZTi9UiXnA1Eg",
10417,#ffffff,#8c6352,#946b5a,"https://drive.google.com/uc?export=view&id=1XVI0OhMa2t-RD31KUtQdSZpcRsbSKSXb",
10418,#ffffff,#bd946b,#bd9473,"https://drive.google.com/uc?export=view&id=1b528ZESEqhRu6A6Qfjf5WT4YBcrOuvU1",
10420,#ffffff,#7b6352,#94735a,"https://drive.google.com/uc?export=view&id=1omuDNPK2BkYi5yNgB02MJPYPDBs3E58P",
10421,#ffffff,#6b5242,#735a4a,"https://drive.google.com/uc?export=view&id=1LZXF96xi5PosPp_1tvio-zu11vQboYMu",
10422,#ffffff,#847363,#8c7b6b,"https://drive.google.com/uc?export=view&id=18kekRxLgtOLIfSm-sM_g62ngotk4mpob",
10423,#ffffff,#9c846b,#a58c73,"https://drive.google.com/uc?export=view&id=1JDQnT2a9qMVSJGjLKeS_1GU2jV-dCSAI",
10424,#ffffff,#84634a,#6b4a3a,"https://drive.google.com/uc?export=view&id=1YsRnndyboO3mbtBUwTTDC9HwxEybNFD5",
10425,#ffffff,#947b73,#947b6b,"https://drive.google.com/uc?export=view&id=1KKMQGJ5IyLyQRsR0oSp6Zqib4D1V3giG",
10427,#ffffff,#6b423a,#633a31,"https://drive.google.com/uc?export=view&id=17WvkbskHA1a9p2MFe_8iV-fcSXMSRET9",
10429,#ffffff,#b59c84,#bda584,"https://drive.google.com/uc?export=view&id=1ERJ_CvwOapFXSnV03oHhtmL7qs9xVf4W",
10431,#a5293a,#a52131,#9c2131,"https://drive.google.com/uc?export=view&id=1rM449mBYeuBSmkREGgWWvk5l4hIEq1ft",
10432,#ffffff,#6b4a42,#634a42,"https://drive.google.com/uc?export=view&id=1ncW4JxzbekXJQodz8BNvIbWVGvNRkQJW",
10433,#524a42,#4a423a,#52423a,"https://drive.google.com/uc?export=view&id=10cazz4dwpWWPVH28D8AoKluChEhuMLuC",
10434,#735a52,#5a4a4a,#7b5a52,"https://drive.google.com/uc?export=view&id=1T-M7QJFEyNP8yC3xiN_xIEIo5NRg7TRn",
10436,#efefef,#e6e6e6,#ffffff,"https://drive.google.com/uc?export=view&id=1dnF46HTiRBCSHAYqwDF7cvN-XqurLsJg",
10437,#736352,#524a42,#5a4a42,"https://drive.google.com/uc?export=view&id=1qoFoda0LHIfVSMfwB6sWtGWPZSY9T4_U",
10438,#947b6b,#8c736b,#846b63,"https://drive.google.com/uc?export=view&id=150T_qkaN8EUahYRIO8Rf7lfHneBAnmBn",
10441,#8c3a31,#73635a,#7b635a,"https://drive.google.com/uc?export=view&id=1pNldF98nm2yGAy2BSPTQpw-9QYVZQRMP",
10442,#8c1919,#942121,#735a4a,"https://drive.google.com/uc?export=view&id=1uLodhgEaWmDKbxl9pCRZZ0P14-pJN4qK",
10451,#ffffff,#9c7b4a,#947342,"https://drive.google.com/uc?export=view&id=1AWkyDlEJ3Ky__YyqEIhQPRTXKatnc3-_",
10472,#ffffff,#ceb58c,#d6bd94,"https://drive.google.com/uc?export=view&id=10JbchorkJgreGnhGy5KPkDFM8yRBOxHk",
11601,#ffffff,#8c635a,#946b63,"https://drive.google.com/uc?export=view&id=17PC2AMcJlwmMXnX4pt2tqU-_CJWfQ9Os",
13017,#ffffff,#8c634a,#845a42,"https://drive.google.com/uc?export=view&id=1FINwGwAqsXirFMw12SLTel5XUH6V1VbV",
13101,#000000,#7b7b73,#6b5a52,"https://drive.google.com/uc?export=view&id=1mxsnk1aJK2CgjKGSO9J_6I-wWfwnvt6P",
13293,#000000,#6b4a3a,#735242,"https://drive.google.com/uc?export=view&id=1Ru0RoE0RMEHvMnlltlnQVcWgUXHMUSO9",
13296,#735a4a,#846b52,#7b6352,"https://drive.google.com/uc?export=view&id=1OHQxrvVycaV4WmiosFINntCzlutDvD69",
13297,#b59c84,#bda58c,#ad947b,"https://drive.google.com/uc?export=view&id=1QZEb6JA8e-WDxEJeeeCCAU6oXiXiYFZl",
13758,#ffffff,#736b6b,#737373,"https://drive.google.com/uc?export=view&id=1TysaNiEVFRbWo4esSuvL5Zp2Zhvfl6WD",
13759,#ffffff,#f7f7f7,#efefef,"https://drive.google.com/uc?export=view&id=1D8p0zUVJ2-avDZ7qzZ3dBuua6WZs_4sY",
14360,#732129,#634a3a,#6b5242,"https://drive.google.com/uc?export=view&id=1RDXb6pXGEsIoD6mX-mZtyuIFY2mKP-wT",
14440,#000000,#634a3a,#6b5242,"https://drive.google.com/uc?export=view&id=1PM01AlaT8RAJ1h85WpS5N1_F1u3de8UH",
14442,#ffffff,#846b52,#8c735a,"https://drive.google.com/uc?export=view&id=1qQu48dm0ohojjCwmDN9B2pV0UbC5oUV1",
14443,#a58c73,#a5846b,#ad947b,"https://drive.google.com/uc?export=view&id=1mD4klz-sQJnOh2B50bj0phorGCvUJj7Q",
14479,#ffffff,#8c7363,#8c735a,"https://drive.google.com/uc?export=view&id=1HRqVhLDgVT33tTzSFywZ-KH56Zc80on9",
14890,#ffffff,#b5947b,#ad8c73,"https://drive.google.com/uc?export=view&id=1tFOY4BaNjMmFJdGXD5_KrxbQUp-tWplM",
15077,#ffffff,#6b5a52,#73635a,"https://drive.google.com/uc?export=view&id=1c5UbxLrW3hC_1UsQreRGYZM34qRl15MA",
15081,#ada59c,#a59c94,#94847b,"https://drive.google.com/uc?export=view&id=1Seki_M8qXLZwVv5xO8vKLZM-A5l8PCaY",
15101,#ffffff,#846b5a,#8c7363,"https://drive.google.com/uc?export=view&id=15H_1JtGY1I9Whwz04f7W9IN9gSBFpPWR",
15114,#ffffff,#52423a,#6b5a52,"https://drive.google.com/uc?export=view&id=1fy_5LvaZJ_-QdKFNDBxub1raM4sD5aus",
15191,#ffffff,#5a3131,#735a4a,"https://drive.google.com/uc?export=view&id=1BqmL2jJ7QKH1o2bZsT8Z20_TnQdtV3X8",
15198,#ffffff,#735a52,#846b63,"https://drive.google.com/uc?export=view&id=1KfSufRvpObKkwfpTTm6jwE2RTFQIuS_7",
15237,#735a4a,#6b5242,#846b52,"https://drive.google.com/uc?export=view&id=1oINUF5gR8SNZJQNUhfYBjVDBrCR5SrD-",
15356,#ffffff,#9c8c84,#c5c5bd,"https://drive.google.com/uc?export=view&id=1RbOEyxdVxKhcPvMWvSLK_L-5LGW8g6BE",
16189,#8c6b52,#7b5a4a,#947b5a,"https://drive.google.com/uc?export=view&id=1XDILcDPC8gzz3MXnKS-vV03fYImfujzc",
16192,#ffffff,#a58463,#9c7b5a,"https://drive.google.com/uc?export=view&id=1Frl6HJCKtA0vM52xoJqypkBoElUfSJtn",
16194,#947b63,#8c735a,#847352,"https://drive.google.com/uc?export=view&id=1DmkPUDiv0a-2aoOrhkTnT2V__EHr8CIg",
16390,#ffffff,#736363,#6b6363,"https://drive.google.com/uc?export=view&id=1q_ta8OKx9f5DAWJQ9a45X8mjgL3ZSC4E",
16450,#ffffff,#7b5a4a,#84634a,"https://drive.google.com/uc?export=view&id=1P2-snbEnNoboHOptUc8Ey-75CKmYGIwX",
16476,#5a4a42,#3a3a3a,#5a423a,"https://drive.google.com/uc?export=view&id=1iVQ9ve8UrXPp0_8AvfQnYuxMGcDy3ryF",
16523,#ffffff,#944a52,#94424a,"https://drive.google.com/uc?export=view&id=1xH4Vnkyn9ovdij80rpntheX6uKhrUGK8",
16532,#312121,#3a2929,#3a2921,"https://drive.google.com/uc?export=view&id=1NwoiGOOrF047KySdEPd6h0dSMFSB41hX",
16533,#634a31,#6b523a,#5a4231,"https://drive.google.com/uc?export=view&id=1Ixu_7RzE7wPu7esRbOs8vx4lFw3ttV2L",
16547,#ffffff,#9c8c73,#94846b,"https://drive.google.com/uc?export=view&id=1E-fxtnsAZigAMjGA04dlQQSyBrthno_X",
16548,#ffffff,#73635a,#7b6b63,"https://drive.google.com/uc?export=view&id=1R0aGnOSoiefKKW-CG0HFtu76OO-Q81Bp",
16549,#ffffff,#7b6363,#b5736b,"https://drive.google.com/uc?export=view&id=1MWtsKNqaa4SX1z75N3C4-xOrIV75MFAh",