sku,image,color,origin,size,description,color1,color2,color3,error
10000,,,,,,,,,no-image
10001,,,,,,,,,no-image
10002,https://drive.google.com/uc?export=view&id=1JrGeVxJI15MDNOai82tpr0PARlxMFR9T,#ffffff;#a57b5a;#a5845a,,,Color: #ffffff;#a57b5a;#a5845a,#ffffff,#a57b5a,#a5845a,
10003,https://drive.google.com/uc?export=view&id=1kG0uUvnTVTNH8uwQh6PQoBiYrS54kEBm,#ffffff;#9c7b6b;#947b63,,,Color: #ffffff;#9c7b6b;#947b63,#ffffff,#9c7b6b,#947b63,
10004,https://drive.google.com/uc?export=view&id=14hzo9QzqE5-JmcBJEGresLx-9RBC1Hed,#ffffff;#6b524a;#634a42,,,Color: #ffffff;#6b524a;#634a42,#ffffff,#6b524a,#634a42,
10005,https://drive.google.com/uc?export=view&id=1VSx7MkDhgiTpGlBA2oNVKx6CJjoxaKkN,#ffffff;#6b523a;#7b5a42,,,Color: #ffffff;#6b523a;#7b5a42,#ffffff,#6b523a,#7b5a42,
10006,https://drive.google.com/uc?export=view&id=1rfTNtEvLvJpxFjxFfC8l_lVZ7B59ZUE-,#ffffff;#634a3a;#4a3a31,,,Color: #ffffff;#634a3a;#4a3a31,#ffffff,#634a3a,#4a3a31,
10007,https://drive.google.com/uc?export=view&id=1Lyz-P-ALWVmcq8wgfGbswXfcmVoA1Mkd,#ffffff;#947342;#8c6b3a,,,Color: #ffffff;#947342;#8c6b3a,#ffffff,#947342,#8c6b3a,
10008,,,,,,,,,no-image
10009,,,,,,,,,no-image
10010,https://drive.google.com/uc?export=view&id=1NMN4eRyuMMNnRnPvtaCT8bacwtnM3NJz,#ffffff;#84735a;#7b6b52,,,Color: #ffffff;#84735a;#7b6b52,#ffffff,#84735a,#7b6b52,
10011,https://drive.google.com/uc?export=view&id=1DiWIurHo52rJ4CxfqGMbHCwgWLxUtXvc,#846b52;#8c735a;#7b634a,,,Color: #846b52;#8c735a;#7b634a,#846b52,#8c735a,#7b634a,
10012,https://drive.google.com/uc?export=view&id=1kgEJBLf1QbYBHCH7WvLlR0Yz0Hm5Eat4,#735a4a;#6b5242;#7b6352,,,Color: #735a4a;#6b5242;#7b6352,#735a4a,#6b5242,#7b6352,
10013,https://drive.google.com/uc?export=view&id=1Jhg2qGysyuF3rrrY4q2bRy-I6406CfAF,#ffffff;#422921;#732119,,,Color: #ffffff;#422921;#732119,#ffffff,#422921,#732119,
10014,https://drive.google.com/uc?export=view&id=1fl2OPf9rknYCbY4kfk6bu9R07C99fVoi,#ffffff;#73523a;#7b5a42,,,Color: #ffffff;#73523a;#7b5a42,#ffffff,#73523a,#7b5a42,
10015,https://drive.google.com/uc?export=view&id=1giKJ6lelhVCmHH_ILFe4Y2S_pvcMXzcE,#ffffff;#6b523a;#634a31,,,Color: #ffffff;#6b523a;#634a31,#ffffff,#6b523a,#634a31,
10016,https://drive.google.com/uc?export=view&id=1nv6hca2K36sc8EtDKicj4ObObjHjNkkH,#5a2921;#633129;#522921,,,Color: #5a2921;#633129;#522921,#5a2921,#633129,#522921,
10017,https://drive.google.com/uc?export=view&id=1y0jw3Trw8Gw3xaB5v8TJnyKgu9X7GI1i,#ffffff;#b58c6b;#9c7b63,,,Color: #ffffff;#b58c6b;#9c7b63,#ffffff,#b58c6b,#9c7b63,
10018,https://drive.google.com/uc?export=view&id=1StUM0Bns5BaApeBG7ofFuwcf6rxk1acF,#846b52;#8c6b52;#8c735a,,,Color: #846b52;#8c6b52;#8c735a,#846b52,#8c6b52,#8c735a,
10019,https://drive.google.com/uc?export=view&id=146xRnWyJsSRD06tbB8f86nmZzBNibWEx,#634a3a;#732921;#5a4231,,,Color: #634a3a;#732921;#5a4231,#634a3a,#732921,#5a4231,
10020,https://drive.google.com/uc?export=view&id=1UrNMyfrbd7kV6UlciJi3CsECmk3svXMD,#9c7b63;#a5846b;#845a4a,,,Color: #9c7b63;#a5846b;#845a4a,#9c7b63,#a5846b,#845a4a,
10021,https://drive.google.com/uc?export=view&id=1n4y9bmiPgAQx76JO8Xmxc6N3jpq0cjhU,#8c6b52;#84634a;#846b52,,,Color: #8c6b52;#84634a;#846b52,#8c6b52,#84634a,#846b52,
10022,https://drive.google.com/uc?export=view&id=1VqVzOD6Yc1YdK4IISFxHE5LK4jlsYlVK,#ffffff;#6b5242;#735a4a,,,Color: #ffffff;#6b5242;#735a4a,#ffffff,#6b5242,#735a4a,
10023,https://drive.google.com/uc?export=view&id=12KU8N36bxCEpBuUB1KD0IUE_KC-ObpPm,#ffffff;#947b63;#8c735a,,,Color: #ffffff;#947b63;#8c735a,#ffffff,#947b63,#8c735a,
10024,https://drive.google.com/uc?export=view&id=1Bbe8B0MOU6wpdZsrk0xgtjQe7ePrvoTy,#94735a;#8c735a;#8c6b52,,,Color: #94735a;#8c735a;#8c6b52,#94735a,#8c735a,#8c6b52,
10025,https://drive.google.com/uc?export=view&id=1Hwpvkp7yhGaBl4bUgdYm-rTS86HfUjT-,#ffffff;#846b52;#9c846b,,,Color: #ffffff;#846b52;#9c846b,#ffffff,#846b52,#9c846b,
10026,https://drive.google.com/uc?export=view&id=1j9qxX46jpMi_hQN7Yiy8bSIgmWg3xHiT,#5a4231;#634231;#634a3a,,,Color: #5a4231;#634231;#634a3a,#5a4231,#634231,#634a3a,
10027,https://drive.google.com/uc?export=view&id=1lc-IdyXUEiNyGgq5aoU0M5hFcrHZ_qmi,#8c735a;#8c6b5a;#947b63,,,Color: #8c735a;#8c6b5a;#947b63,#8c735a,#8c6b5a,#947b63,
10028,https://drive.google.com/uc?export=view&id=1gvpdIb9U694fUMDZ53EGYfkfs-pbpfAx,#ffffff;#634a3a;#5a4a3a,,,Color: #ffffff;#634a3a;#5a4a3a,#ffffff,#634a3a,#5a4a3a,
10029,https://drive.google.com/uc?export=view&id=1RQ4ImVfG-IU4ZLSDqnr3vAujOhQ8qR9p,#ffffff;#7b634a;#6b5a42,,,Color: #ffffff;#7b634a;#6b5a42,#ffffff,#7b634a,#6b5a42,
10030,https://drive.google.com/uc?export=view&id=1zkRL0oLV4Fayg-2mRVRVY9RHZRsMkTZE,#6b5242;#634a42;#8c7b63,,,Color: #6b5242;#634a42;#8c7b63,#6b5242,#634a42,#8c7b63,
10031,https://drive.google.com/uc?export=view&id=1WcpSccp_MV2MJKHrVVoyQUm3jnwICihk,#ffffff;#52423a;#5a4a42,,,Color: #ffffff;#52423a;#5a4a42,#ffffff,#52423a,#5a4a42,
10032,https://drive.google.com/uc?export=view&id=15Rt6Xm48V6pC9oWHbjwKgWE8IWG_mZCx,#ffffff;#5a0810;#522121,,,Color: #ffffff;#5a0810;#522121,#ffffff,#5a0810,#522121,
10033,https://drive.google.com/uc?export=view&id=1OLkr8PkIpcXNnRT9Sqm0I3lrGgvw_cpP,#ffffff;#94735a;#8c6b52,,,Color: #ffffff;#94735a;#8c6b52,#ffffff,#94735a,#8c6b52,
10034,https://drive.google.com/uc?export=view&id=1fZ2FXVNY5orxNIHk-NOyyuU_NuupC4vm,#ffffff;#9c847b;#947b73,,,Color: #ffffff;#9c847b;#947b73,#ffffff,#9c847b,#947b73,
10035,https://drive.google.com/uc?export=view&id=1Rb397NfdhCrnC24q4IuScINgpk6oReon,#ffffff;#735242;#5a4231,,,Color: #ffffff;#735242;#5a4231,#ffffff,#735242,#5a4231,
10036,https://drive.google.com/uc?export=view&id=1sqduI95iLypbBi0EzDuMi5R6bFui1hcx,#846342;#8c6b4a;#846b4a,,,Color: #846342;#8c6b4a;#846b4a,#846342,#8c6b4a,#846b4a,
10037,https://drive.google.com/uc?export=view&id=1zkp4fPk_VtjU6OQh7g7h72Ih7lVkjcca,#8c7b63;#94846b;#847363,,,Color: #8c7b63;#94846b;#847363,#8c7b63,#94846b,#847363,
10038,https://drive.google.com/uc?export=view&id=1-IUNNKhnbJCfh8tP2_huwF28-2CRZYCY,#ffffff;#635a4a;#736352,,,Color: #ffffff;#635a4a;#736352,#ffffff,#635a4a,#736352,
10039,,,,,,,,,no-image
10040,,,,,,,,,no-image
10041,https://drive.google.com/uc?export=view&id=1ac5p_ijHsn9yiNbgieNzMRf1v1578ZXN,#ffffff;#735a4a;#6b5242,,,Color: #ffffff;#735a4a;#6b5242,#ffffff,#735a4a,#6b5242,
10042,https://drive.google.com/uc?export=view&id=1XUxJhZMzFQDh51Q2TKhxXiCU5LtX0sdh,#ffffff;#736352;#52423a,,,Color: #ffffff;#736352;#52423a,#ffffff,#736352,#52423a,
10043,https://drive.google.com/uc?export=view&id=17nqsb51Xs8rUMIqRv6qtrQ_3cOXr6zqD,#ffffff;#7b6b5a;#736352,,,Color: #ffffff;#7b6b5a;#736352,#ffffff,#7b6b5a,#736352,
10044,https://drive.google.com/uc?export=view&id=1JjKU539ZBxhmMo-DU4lKy88NZ0SvSSMG,#524242;#4a4242;#7b5a4a,,,Color: #524242;#4a4242;#7b5a4a,#524242,#4a4242,#7b5a4a,
10045,,,,,,,,,no-image
10046,https://drive.google.com/uc?export=view&id=1GI9hH4kP4UqVukJi9I7YmcN0NnH0_vO7,#ffffff;#84634a;#a58463,,,Color: #ffffff;#84634a;#a58463,#ffffff,#84634a,#a58463,
10047,https://drive.google.com/uc?export=view&id=1wbL4XmHczribT9IoH1d6g_peAkCRSpAM,#ffffff;#735a3a;#634a31,,,Color: #ffffff;#735a3a;#634a31,#ffffff,#735a3a,#634a31,
10048,https://drive.google.com/uc?export=view&id=1Lfy64rLSHP241K7pY6yMp7Bd-I1iR2u2,#8c7b63;#7b6b5a;#846b5a,,,Color: #8c7b63;#7b6b5a;#846b5a,#8c7b63,#7b6b5a,#846b5a,
10049,https://drive.google.com/uc?export=view&id=1COKxVyK0zN9vZaeb_zMJYDgijlIjOqRO,#ffffff;#5a4a3a;#735a42,,,Color: #ffffff;#5a4a3a;#735a42,#ffffff,#5a4a3a,#735a42,
10050,,,,,,,,,no-image
10051,https://drive.google.com/uc?export=view&id=1Im4NVYziXGQZopt40yy_0_CcYoUdw_tE,#5a4a42;#8c6b52;#634a42,,,Color: #5a4a42;#8c6b52;#634a42,#5a4a42,#8c6b52,#634a42,
10052,https://drive.google.com/uc?export=view&id=1CVSj6rD2tKUgzPrc3wftTUAAFuvXKU5H,#ffffff;#6b5a4a;#5a4a42,,,Color: #ffffff;#6b5a4a;#5a4a42,#ffffff,#6b5a4a,#5a4a42,
10053,https://drive.google.com/uc?export=view&id=1nt8L1wpbVTFVmBLRb3jo2K6MPvOMhg2I,#ffffff;#6b4a3a;#735242,,,Color: #ffffff;#6b4a3a;#735242,#ffffff,#6b4a3a,#735242,
10054,,,,,,,,,no-image
10055,https://drive.google.com/uc?export=view&id=1_oL9Jzfx1X1zXTjRERYpazexbKYtG9VE,#ffffff;#7b5a4a;#7b5242,,,Color: #ffffff;#7b5a4a;#7b5242,#ffffff,#7b5a4a,#7b5242,
10056,https://drive.google.com/uc?export=view&id=1RkWGycQwC1oL7gAwLcWihtHHL3eNTdhe,#ffffff;#735a52;#6b524a,,,Color: #ffffff;#735a52;#6b524a,#ffffff,#735a52,#6b524a,
10057,,,,,,,,,no-image
10058,,,,,,,,,no-image
10059,https://drive.google.com/uc?export=view&id=1zGsekGWY1Dr6gWbS3LOt7PkF2Nk5p3ip,#ffffff;#8c7b63;#7b735a,,,Color: #ffffff;#8c7b63;#7b735a,#ffffff,#8c7b63,#7b735a,
10060,https://drive.google.com/uc?export=view&id=1arAER0pWrYrbrVz1o2SQ1usUFi6P8LdY,#ffffff;#735a4a;#7b6352,,,Color: #ffffff;#735a4a;#7b6352,#ffffff,#735a4a,#7b6352,
10061,https://drive.google.com/uc?export=view&id=11t-zAUUMxdadyHeJIGLBMby8Q7zGbf5G,#ffffff;#5a5242;#635242,,,Color: #ffffff;#5a5242;#635242,#ffffff,#5a5242,#635242,
10062,https://drive.google.com/uc?export=view&id=1SoIRuEHQKJ4jsq6AaWUNDYuAAgnyewpS,#ffffff;#ad9473;#a58c6b,,,Color: #ffffff;#ad9473;#a58c6b,#ffffff,#ad9473,#a58c6b,
10063,,,,,,,,,no-image
10064,,,,,,,,,no-image
10065,https://drive.google.com/uc?export=view&id=15SOH2GvxqHIkAILYdbPD6BfZcrQx5kUK,#ffffff;#9c8473;#94735a,,,Color: #ffffff;#9c8473;#94735a,#ffffff,#9c8473,#94735a,
10066,https://drive.google.com/uc?export=view&id=1YHMmWLLFV89Ke6ljgbtYPJOK4NsFwB6n,#ffffff;#ad947b;#a58c73,,,Color: #ffffff;#ad947b;#a58c73,#ffffff,#ad947b,#a58c73,
10067,https://drive.google.com/uc?export=view&id=1sO0MKkP3VaURCAkQ4nKvBAfKeAriJa6W,#ffffff;#6b523a;#735a42,,,Color: #ffffff;#6b523a;#735a42,#ffffff,#6b523a,#735a42,
10068,https://drive.google.com/uc?export=view&id=1O5cw_YFYmOdYtWGQvCqTin1wTs4Q6PIo,#ffffff;#846b52;#73634a,,,Color: #ffffff;#846b52;#73634a,#ffffff,#846b52,#73634a,
10069,https://drive.google.com/uc?export=view&id=15j65GXn3nzgeUiTZ1JaTm82m3eMGDXm9,#ffffff;#6b5a4a;#736352,,,Color: #ffffff;#6b5a4a;#736352,#ffffff,#6b5a4a,#736352,
10070,https://drive.google.com/uc?export=view&id=1Ej8cRV3BYzYmCWF13wica-rVZx_LBxEq,#ffffff;#9c6b52;#946b52,,,Color: #ffffff;#9c6b52;#946b52,#ffffff,#9c6b52,#946b52,
10071,https://drive.google.com/uc?export=view&id=1ze0vzbGeQqV2fH61aFNiEopAs4cf8PFb,#ffffff;#633121;#633a29,,,Color: #ffffff;#633121;#633a29,#ffffff,#633121,#633a29,
10072,https://drive.google.com/uc?export=view&id=1LVPNMHHVsPnXgo22cMMFXV5--S3Exgdh,#ffffff;#947b6b;#846b5a,,,Color: #ffffff;#947b6b;#846b5a,#ffffff,#947b6b,#846b5a,
10073,https://drive.google.com/uc?export=view&id=1W-yR8N5CuUe2UbE2ecBc6bPjxraLSWFL,#ffffff;#846b52;#8c735a,,,Color: #ffffff;#846b52;#8c735a,#ffffff,#846b52,#8c735a,
10074,https://drive.google.com/uc?export=view&id=1U35O0Meor7kRfviJur28hAUIc7G5fRq-,#ffffff;#735a4a;#52423a,,,Color: #ffffff;#735a4a;#52423a,#ffffff,#735a4a,#52423a,
10075,,,,,,,,,no-image
10076,https://drive.google.com/uc?export=view&id=1ghHcWPkKBrvMiMPijfVGd5wKm_rLjPSP,#ffffff;#7b634a;#735a42,,,Color: #ffffff;#7b634a;#735a42,#ffffff,#7b634a,#735a42,
10077,https://drive.google.com/uc?export=view&id=1OGqtcKGr5dqmapQnL2-xxaHJg_bvS3yU,#ffffff;#94735a;#9c7b63,,,Color: #ffffff;#94735a;#9c7b63,#ffffff,#94735a,#9c7b63,
10078,https://drive.google.com/uc?export=view&id=1p7Sk5Bj9DKPtLyfJfvLm-UxO1Faq6tbP,#ffffff;#84735a;#8c735a,,,Color: #ffffff;#84735a;#8c735a,#ffffff,#84735a,#8c735a,
10079,,,,,,,,,no-image
10080,https://drive.google.com/uc?export=view&id=1zvZQYsYlUGq_s-W_oNdYgLvRCM2hvg3K,#000000;#8c7b6b;#9c8c7b,,,Color: #000000;#8c7b6b;#9c8c7b,#000000,#8c7b6b,#9c8c7b,
10081,https://drive.google.com/uc?export=view&id=1zFdKIL-_4oWH_HCBSFef8Nh1H_3I3xVj,#ffffff;#5a4a31;#634a31,,,Color: #ffffff;#5a4a31;#634a31,#ffffff,#5a4a31,#634a31,
10082,https://drive.google.com/uc?export=view&id=1eIYS-Gji9RmThnNfctru41TDDaemU7cp,#000000;#7b634a;#735a42,,,Color: #000000;#7b634a;#735a42,#000000,#7b634a,#735a42,
10083,https://drive.google.com/uc?export=view&id=1ixEL8Zq0viOEqABFgqm5NroGaDbb0d0c,#ffffff;#947352;#84634a,,,Color: #ffffff;#947352;#84634a,#ffffff,#947352,#84634a,
10084,,,,,,,,,no-image
10085,https://drive.google.com/uc?export=view&id=1wW5Fiziq7YhpwM1zaLreeQiu9ILZEERI,#ffffff;#8c6b52;#7b634a,,,Color: #ffffff;#8c6b52;#7b634a,#ffffff,#8c6b52,#7b634a,
10086,,,,,,,,,no-image
10087,https://drive.google.com/uc?export=view&id=1Wk2mhMjb-GLboUGjJgzML52IhOprUyAr,#ffffff;#73523a;#6b4a31,,,Color: #ffffff;#73523a;#6b4a31,#ffffff,#73523a,#6b4a31,
10088,,,,,,,,,no-image
10089,https://drive.google.com/uc?export=view&id=1yUHbS1rbkUVCjYDYENJDEPaHxclZhiZ9,#ffffff;#524231;#634a3a,,,Color: #ffffff;#524231;#634a3a,#ffffff,#524231,#634a3a,
10090,https://drive.google.com/uc?export=view&id=1DPmHZgdumaFe0uLcyYa31F7ebhGZq9hc,#8c7b6b;#948473;#947b6b,,,Color: #8c7b6b;#948473;#947b6b,#8c7b6b,#948473,#947b6b,
10091,https://drive.google.com/uc?export=view&id=1SQEqVxKCkExkTOuTBbsq149NNPsyItzD,#ffffff;#101021;#081021,,,Color: #ffffff;#101021;#081021,#ffffff,#101021,#081021,
10092,,,,,,,,,no-image
10093,https://drive.google.com/uc?export=view&id=1nSx2juO4JPWYorLSz0znaDmeS49Dw3Q_,#7b5a4a;#7b6352;#735242,,,Color: #7b5a4a;#7b6352;#735242,#7b5a4a,#7b6352,#735242,
10094,https://drive.google.com/uc?export=view&id=1KEgSPL9TtHDA8rDEZs2b3U1LcuAxmtL2,#ffffff;#84634a;#7b634a,,,Color: #ffffff;#84634a;#7b634a,#ffffff,#84634a,#7b634a,
10095,https://drive.google.com/uc?export=view&id=1IW1DjCHAgZaN-4qu_7iUTX8RIvY5zKUA,#7b523a;#8c6b4a;#7b5a42,,,Color: #7b523a;#8c6b4a;#7b5a42,#7b523a,#8c6b4a,#7b5a42,
10096,https://drive.google.com/uc?export=view&id=1G4HdgvzhaNVgRaDy7eeVIfE5dJ_SVT9i,#ffffff;#735a4a;#7b6352,,,Color: #ffffff;#735a4a;#7b6352,#ffffff,#735a4a,#7b6352,
10097,https://drive.google.com/uc?export=view&id=1lYc02RdRsMYsbBQjsagnXzbiVnJRMRW2,#ffffff;#946b52;#8c5a42,,,Color: #ffffff;#946b52;#8c5a42,#ffffff,#946b52,#8c5a42,
10098,https://drive.google.com/uc?export=view&id=1v6W7RU1qvSf-eCZ0NNS9K0gfp8BUgptT,#ffffff;#635242;#7b6b5a,,,Color: #ffffff;#635242;#7b6b5a,#ffffff,#635242,#7b6b5a,
10099,https://drive.google.com/uc?export=view&id=1VW-FmRzl_pdHMIojnZ3VoMmFVQ9k7Rep,#ffffff;#846352;#7b6352,,,Color: #ffffff;#846352;#7b6352,#ffffff,#846352,#7b6352,
10100,https://drive.google.com/uc?export=view&id=1BSsgFiwAWjyQWbHMOlIo7iJm27W84sKu,#634a3a;#6b5242;#635242,,,Color: #634a3a;#6b5242;#635242,#634a3a,#6b5242,#635242,
10101,https://drive.google.com/uc?export=view&id=18Jz1tDB3BU5hluur-Hif6K5l_KICv40y,#ffffff;#736352;#84735a,,,Color: #ffffff;#736352;#84735a,#ffffff,#736352,#84735a,
10102,https://drive.google.com/uc?export=view&id=1g78GF5bUrJ3eW2INxmz3a0hf697ScbGi,#ffffff;#522929;#4a3131,,,Color: #ffffff;#522929;#4a3131,#ffffff,#522929,#4a3131,
10103,https://drive.google.com/uc?export=view&id=1DlWAsidIiY33kUWpRMUuAeYrvu9x4yff,#8c5242;#845242;#844a3a,,,Color: #8c5242;#845242;#844a3a,#8c5242,#845242,#844a3a,
10104,https://drive.google.com/uc?export=view&id=1jrDHaUtovBIijcIf5gN7c7dHNs5Owsb1,#ffffff;#7b6352;#846b5a,,,Color: #ffffff;#7b6352;#846b5a,#ffffff,#7b6352,#846b5a,
10105,https://drive.google.com/uc?export=view&id=1O8QOqDxR_sXSFsh-rgqknhwrrvfPo1nu,#ffffff;#735242;#84634a,,,Color: #ffffff;#735242;#84634a,#ffffff,#735242,#84634a,
10106,https://drive.google.com/uc?export=view&id=102iwe4Tin7HsHzGT18Lbn04m0VihUIb8,#ffffff;#946b52;#94735a,,,Color: #ffffff;#946b52;#94735a,#ffffff,#946b52,#94735a,
10107,https://drive.google.com/uc?export=view&id=1imvYttdYZvEM0QbLomGckmJ4YyNWEaTc,#846b52;#84634a;#8c6b52,,,Color: #846b52;#84634a;#8c6b52,#846b52,#84634a,#8c6b52,
10108,https://drive.google.com/uc?export=view&id=1lSDcIC_t4FpmJBWM_RbdN0S1yp-TdU-O,#ffffff;#94735a;#8c6b52,,,Color: #ffffff;#94735a;#8c6b52,#ffffff,#94735a,#8c6b52,
10109,https://drive.google.com/uc?export=view&id=19LW7Rfzv-a9ZMljm_6AthkoyBfzoq1hP,#ffffff;#5a423a;#7b5a4a,,,Color: #ffffff;#5a423a;#7b5a4a,#ffffff,#5a423a,#7b5a4a,
10110,https://drive.google.com/uc?export=view&id=1yacRCNdgDoTAYvU16lH3C229OMkConmp,#ffffff;#6b523a;#63523a,,,Color: #ffffff;#6b523a;#63523a,#ffffff,#6b523a,#63523a,
10111,https://drive.google.com/uc?export=view&id=1OWRI2Oy7ZLadPy2q8-Z3yI8stkIKqva2,#ffffff;#7b634a;#5a4231,,,Color: #ffffff;#7b634a;#5a4231,#ffffff,#7b634a,#5a4231,
10112,https://drive.google.com/uc?export=view&id=14QsUhlwYgkWhq3Z369QuAGaZbMOqZOHz,#ffffff;#522121;#5a2929,,,Color: #ffffff;#522121;#5a2929,#ffffff,#522121,#5a2929,
10113,https://drive.google.com/uc?export=view&id=1RigeS1PM8N_XgFZpLy3uZ4qXdn8c7JEg,#ffffff;#9c7b63;#94735a,,,Color: #ffffff;#9c7b63;#94735a,#ffffff,#9c7b63,#94735a,
10114,https://drive.google.com/uc?export=view&id=1i0L0llgKvNkxF_7QN2fH0fi_vhHjijIv,#ffffff;#7b6352;#8c735a,,,Color: #ffffff;#7b6352;#8c735a,#ffffff,#7b6352,#8c735a,
10115,https://drive.google.com/uc?export=view&id=12EGSGJbAtzTh5V58tj5eiI_FZ0XHmTK8,#ffffff;#8c634a;#845a42,,,Color: #ffffff;#8c634a;#845a42,#ffffff,#8c634a,#845a42,
10116,https://drive.google.com/uc?export=view&id=1EhZWIdweSAJmD2Op2l1aXeRMCmlZHbJv,#ffffff;#7b634a;#735a42,,,Color: #ffffff;#7b634a;#735a42,#ffffff,#7b634a,#735a42,
10117,https://drive.google.com/uc?export=view&id=1Bxzg4mn8O1pZfmLASgOrV5WrSBLGfibI,#ffffff;#523a31;#5a3a31,,,Color: #ffffff;#523a31;#5a3a31,#ffffff,#523a31,#5a3a31,
10118,https://drive.google.com/uc?export=view&id=1NwZWnBkmy5lP8m9SNpFG2Q3D6L0JTlpj,#ffffff;#8c735a;#846b52,,,Color: #ffffff;#8c735a;#846b52,#ffffff,#8c735a,#846b52,
10119,,,,,,,,,no-image
10120,https://drive.google.com/uc?export=view&id=1Ei-kXtUiNfgTdj_N4P0IG2hcLOveWAxj,#ffffff;#7b634a;#735a42,,,Color: #ffffff;#7b634a;#735a42,#ffffff,#7b634a,#735a42,
10121,https://drive.google.com/uc?export=view&id=1tpoBkvVohD0lW9VA1B0NfFVTKyawzZtc,#ffffff;#5a4242;#635252,,,Color: #ffffff;#5a4242;#635252,#ffffff,#5a4242,#635252,
10122,https://drive.google.com/uc?export=view&id=1noZ0yrsdfTlXG5q68ZN6HlO8GimVunO0,#7b634a;#84634a;#7b5a42,,,Color: #7b634a;#84634a;#7b5a42,#7b634a,#84634a,#7b5a42,
10123,https://drive.google.com/uc?export=view&id=1QMXAzyI071NsCcadLuD8BTp-quAPdk0t,#ffffff;#634a3a;#5a4231,,,Color: #ffffff;#634a3a;#5a4231,#ffffff,#634a3a,#5a4231,
10124,https://drive.google.com/uc?export=view&id=1qsQzd3DGyKz7h7XDf1ENB2GCRtpGBYUO,#ffffff;#63523a;#524231,,,Color: #ffffff;#63523a;#524231,#ffffff,#63523a,#524231,
10125,https://drive.google.com/uc?export=view&id=1FGJ8ps5xx7jVtm7J7AA1XDh_1f9hjz2y,#ffffff;#5a4231;#6b523a,,,Color: #ffffff;#5a4231;#6b523a,#ffffff,#5a4231,#6b523a,
10126,https://drive.google.com/uc?export=view&id=1dBE-oQAz1bUAUtO12bdnUovF7AmkHE5b,#8c6b4a;#846342;#84634a,,,Color: #8c6b4a;#846342;#84634a,#8c6b4a,#846342,#84634a,
10127,https://drive.google.com/uc?export=view&id=1dUHmAmj1NsIhWXqH5-6HbY8v54eKMOkG,#ffffff;#5a4a42;#524a42,,,Color: #ffffff;#5a4a42;#524a42,#ffffff,#5a4a42,#524a42,
10128,https://drive.google.com/uc?export=view&id=12Py479rsjK5Q13rL3iqqHnX2LpMT4QE-,#ffffff;#a58c73;#ad947b,,,Color: #ffffff;#a58c73;#ad947b,#ffffff,#a58c73,#ad947b,
10129,https://drive.google.com/uc?export=view&id=1Mee4FRfoh4d5yp26gpseiY6cuDmds_D9,#ffffff;#7b5a4a;#845a4a,,,Color: #ffffff;#7b5a4a;#845a4a,#ffffff,#7b5a4a,#845a4a,
10130,https://drive.google.com/uc?export=view&id=1a147Ir9jkH7pnpUonelzfYbcdg8ouRHz,#ffffff;#ad846b;#a57363,,,Color: #ffffff;#ad846b;#a57363,#ffffff,#ad846b,#a57363,
10131,https://drive.google.com/uc?export=view&id=1PuLwzUMbmd-ZVIjVCDapkwqOPx8znmAK,#ffffff;#8c7363;#947b6b,,,Color: #ffffff;#8c7363;#947b6b,#ffffff,#8c7363,#947b6b,
10132,https://drive.google.com/uc?export=view&id=1tgAmiMiV8qxS1VDuRSDq4wehh7sANXXD,#7b5a4a;#734a3a;#7b5242,,,Color: #7b5a4a;#734a3a;#7b5242,#7b5a4a,#734a3a,#7b5242,
10133,https://drive.google.com/uc?export=view&id=1-BTJkjS8AC3eyLyaADtD6_g82Ymhw-yk,#845a42;#7b5a42;#84634a,,,Color: #845a42;#7b5a42;#84634a,#845a42,#7b5a42,#84634a,
10134,https://drive.google.com/uc?export=view&id=11wtro9IOnAuyyWp20zE-Pw4LZe69IOdc,#ffffff;#948473;#8c7b6b,,,Color: #ffffff;#948473;#8c7b6b,#ffffff,#948473,#8c7b6b,
10135,https://drive.google.com/uc?export=view&id=1wSvUvdTnmUYDYrIdvwPvtvjRqNaNbrRZ,#ffffff;#9c846b;#947b63,,,Color: #ffffff;#9c846b;#947b63,#ffffff,#9c846b,#947b63,
10136,,,,,,,,,no-image
10137,https://drive.google.com/uc?export=view&id=1s5US-ua_tEOlSk8S9iCCtbkBMlX7lmh7,#ffffff;#845a42;#7b5a42,,,Color: #ffffff;#845a42;#7b5a42,#ffffff,#845a42,#7b5a42,
10138,,,,,,,,,no-image
10139,https://drive.google.com/uc?export=view&id=1wqIHh7kKiGy70skY-nOUHMKNbzKHEdeu,#ffffff;#63524a;#6b5a52,,,Color: #ffffff;#63524a;#6b5a52,#ffffff,#63524a,#6b5a52,
10140,https://drive.google.com/uc?export=view&id=1FJzdf1ij7Y-9MGnPpTRKx-Wx29RL98r2,#8c735a;#846b52;#94735a,,,Color: #8c735a;#846b52;#94735a,#8c735a,#846b52,#94735a,
10141,https://drive.google.com/uc?export=view&id=1yXkcooLPySJp0ftKheuiLI92aeAvjw80,#ffffff;#b58c73;#a57b63,,,Color: #ffffff;#b58c73;#a57b63,#ffffff,#b58c73,#a57b63,
10142,https://drive.google.com/uc?export=view&id=1AzxJPpE7e47CEgem7UuC9k3I5INXyfFO,#ffffff;#5a5242;#635a4a,,,Color: #ffffff;#5a5242;#635a4a,#ffffff,#5a5242,#635a4a,
10143,https://drive.google.com/uc?export=view&id=1yw6P3YqodFM5q0tOR8VPcfC_88oQAxhc,#7b6352;#735a4a;#7b634a,,,Color: #7b6352;#735a4a;#7b634a,#7b6352,#735a4a,#7b634a,
10144,,,,,,,,,no-image
10145,https://drive.google.com/uc?export=view&id=1cQ9kbOdfC1RFPE2z4k7TrGORm1nmgO12,#ffffff;#846b5a;#7b6352,,,Color: #ffffff;#846b5a;#7b6352,#ffffff,#846b5a,#7b6352,
10146,https://drive.google.com/uc?export=view&id=1uVwgTxC8LmJAeoDJFHedXnP3IG0iSAki,#8c735a;#846b52;#947b63,,,Color: #8c735a;#846b52;#947b63,#8c735a,#846b52,#947b63,
10147,https://drive.google.com/uc?export=view&id=1TsmB8SLB8siCqCZziNpFnZ_zn1rs7h33,#ffffff;#846b5a;#7b6352,,,Color: #ffffff;#846b5a;#7b6352,#ffffff,#846b5a,#7b6352,
10148,https://drive.google.com/uc?export=view&id=1LfXBCHe4gJZ4b4oAiJn4FVzNAr9x8izw,#ffffff;#5a4231;#634a3a,,,Color: #ffffff;#5a4231;#634a3a,#ffffff,#5a4231,#634a3a,
10149,,,,,,,,,no-image
10150,https://drive.google.com/uc?export=view&id=1nJYCKKO8-2cMLsi3B8SGT30P6CBbICJL,#ffffff;#944a4a;#8c4a4a,,,Color: #ffffff;#944a4a;#8c4a4a,#ffffff,#944a4a,#8c4a4a,
10151,https://drive.google.com/uc?export=view&id=1UQ1kADjXtBbjzF111Sjeq9P9FW2BEsSU,#ffffff;#63423a;#6b4a42,,,Color: #ffffff;#63423a;#6b4a42,#ffffff,#63423a,#6b4a42,
10152,https://drive.google.com/uc?export=view&id=1zpLP7FVakjYl8NaGVauh4GNq9yzlIBF3,#ffffff;#947b63;#8c6b5a,,,Color: #ffffff;#947b63;#8c6b5a,#ffffff,#947b63,#8c6b5a,
10153,https://drive.google.com/uc?export=view&id=1bH4tb2a2Xw4LNY3wacDJ0m0uL0qn91Y-,#ffffff;#846352;#844a42,,,Color: #ffffff;#846352;#844a42,#ffffff,#846352,#844a42,
10154,,,,,,,,,no-image
10155,https://drive.google.com/uc?export=view&id=1gYap8AwzlbziQ_39wBqcsaEsWen-Aa57,#ffffff;#8c293a;#842131,,,Color: #ffffff;#8c293a;#842131,#ffffff,#8c293a,#842131,
10156,https://drive.google.com/uc?export=view&id=1plSz9f4FDgsZ63pctCk9xaFiXr_mKxxK,#ffffff;#6b5a4a;#635242,,,Color: #ffffff;#6b5a4a;#635242,#ffffff,#6b5a4a,#635242,
10157,https://drive.google.com/uc?export=view&id=1mTdmlRqwANd1CyXD4jR5L9Xf0FIEXL8V,#ffffff;#7b634a;#7b5a4a,,,Color: #ffffff;#7b634a;#7b5a4a,#ffffff,#7b634a,#7b5a4a,
10158,https://drive.google.com/uc?export=view&id=182CrkfyTEW0Nky66M3jHanKjcZ9eVBN-,#ffffff;#8c7363;#947b6b,,,Color: #ffffff;#8c7363;#947b6b,#ffffff,#8c7363,#947b6b,
10159,,,,,,,,,no-image
10160,https://drive.google.com/uc?export=view&id=1tnHP4a_tic4TXOC1AW0IAr_LVnFQwcRw,#ffffff;#6b4a3a;#52423a,,,Color: #ffffff;#6b4a3a;#52423a,#ffffff,#6b4a3a,#52423a,
10161,https://drive.google.com/uc?export=view&id=1w7E8rwlMfJ6fpoEiSOfezuuaojBw3pME,#ffffff;#845a42;#7b523a,,,Color: #ffffff;#845a42;#7b523a,#ffffff,#845a42,#7b523a,
10162,,,,,,,,,no-image
10163,https://drive.google.com/uc?export=view&id=1Nrb3mDrA4HHZO6XaDU8Tzdcq_l2nLDyh,#ffffff;#634a3a;#5a4231,,,Color: #ffffff;#634a3a;#5a4231,#ffffff,#634a3a,#5a4231,
10164,https://drive.google.com/uc?export=view&id=1_Tk5baCg8y0dLTUecVeZzfLpxoy9NjDw,#ffffff;#6b3a3a;#6b3131,,,Color: #ffffff;#6b3a3a;#6b3131,#ffffff,#6b3a3a,#6b3131,
10165,https://drive.google.com/uc?export=view&id=1hGBIjJnvdXD76ku9frjOi8ikuOaH0kgl,#ffffff;#b5946b;#ad8c63,,,Color: #ffffff;#b5946b;#ad8c63,#ffffff,#b5946b,#ad8c63,
10166,https://drive.google.com/uc?export=view&id=1EI1v-HxrDyLZsscqT783wlD-wNy0ssbf,#ffffff;#6b5242;#422921,,,Color: #ffffff;#6b5242;#422921,#ffffff,#6b5242,#422921,
10167,https://drive.google.com/uc?export=view&id=1FWvT6T4t53myRsHyX6KBnrzE4o9uWSDQ,#ffffff;#523a31;#4a3a31,,,Color: #ffffff;#523a31;#4a3a31,#ffffff,#523a31,#4a3a31,
10168,https://drive.google.com/uc?export=view&id=1dbwT2tJBTeiL9sISH38EkVP6Alg01Vyb,#ffffff;#523129;#522929,,,Color: #ffffff;#523129;#522929,#ffffff,#523129,#522929,
10169,https://drive.google.com/uc?export=view&id=10kZMc9Yt-ss0Z4CU34XmlkQq5_4Fsjhn,#ffffff;#6b5a4a;#736352,,,Color: #ffffff;#6b5a4a;#736352,#ffffff,#6b5a4a,#736352,
10170,https://drive.google.com/uc?export=view&id=1GtePUv7AHngKq9p5Oj8CytOciTEvaoN6,#846b52;#8c735a;#8c7352,,,Color: #846b52;#8c735a;#8c7352,#846b52,#8c735a,#8c7352,
10171,https://drive.google.com/uc?export=view&id=1lZS5HLhw2M0qfP1Uk4fUbRNJZsrdVol2,#ffffff;#635242;#73634a,,,Color: #ffffff;#635242;#73634a,#ffffff,#635242,#73634a,
10172,https://drive.google.com/uc?export=view&id=1VMj1BGZO_3wYFk6t6nYfIkSRLvY5ZqPC,#ffffff;#b59473;#b59c7b,,,Color: #ffffff;#b59473;#b59c7b,#ffffff,#b59473,#b59c7b,
10173,https://drive.google.com/uc?export=view&id=17NmW98atwzqnNYJXKFCTB5WxoJ1p2pL_,#7b4a3a;#7b4231;#844a3a,,,Color: #7b4a3a;#7b4231;#844a3a,#7b4a3a,#7b4231,#844a3a,
10174,https://drive.google.com/uc?export=view&id=1RwgMG_ehXluV5evEQ3RnthejO1E8p3-n,#ffffff;#948473;#8c7b6b,,,Color: #ffffff;#948473;#8c7b6b,#ffffff,#948473,#8c7b6b,
10175,https://drive.google.com/uc?export=view&id=1VA35q3sQE-r1IVMhI2rfJaxIHTNvHGEv,#7b5a4a;#735242;#846b52,,,Color: #7b5a4a;#735242;#846b52,#7b5a4a,#735242,#846b52,
10176,https://drive.google.com/uc?export=view&id=1sj8hd50Uv7IVg-8WGUw9b8KjrFXSg_Hr,#ffffff;#947352;#8c6b4a,,,Color: #ffffff;#947352;#8c6b4a,#ffffff,#947352,#8c6b4a,
10177,,,,,,,,,no-image
10178,,,,,,,,,no-image
10179,,,,,,,,,no-image
10180,https://drive.google.com/uc?export=view&id=1gZjAZU_oTdmmHGRd1dtBQ7qFv3k77HRt,#ffffff;#846342;#8c6b42,,,Color: #ffffff;#846342;#8c6b42,#ffffff,#846342,#8c6b42,
10181,https://drive.google.com/uc?export=view&id=1GfwqHZIzIKxaefZ399PCoJ63dUbRrRXu,#ffffff;#5a4231;#634a3a,,,Color: #ffffff;#5a4231;#634a3a,#ffffff,#5a4231,#634a3a,
10182,https://drive.google.com/uc?export=view&id=1RBuTZ9Z2vtcvrRtJN9H5Vht_63E5ENsZ,#ffffff;#6b5242;#634a3a,,,Color: #ffffff;#6b5242;#634a3a,#ffffff,#6b5242,#634a3a,
10183,https://drive.google.com/uc?export=view&id=1eLvqaggn7thpYTP0weYYa-VhEXB3AgY7,#ffffff;#634a3a;#6b5242,,,Color: #ffffff;#634a3a;#6b5242,#ffffff,#634a3a,#6b5242,
10184,https://drive.google.com/uc?export=view&id=14kCrn3U_sBJ8FGznEzZ0efZoGKHD_r2F,#ffffff;#845a4a;#8c6352,,,Color: #ffffff;#845a4a;#8c6352,#ffffff,#845a4a,#8c6352,
10185,https://drive.google.com/uc?export=view&id=1skqdnqcBJ8coYqNtiXKy9KaShT0Eywsq,#ffffff;#7b635a;#947363,,,Color: #ffffff;#7b635a;#947363,#ffffff,#7b635a,#947363,
10186,https://drive.google.com/uc?export=view&id=1DX3puIHpIXa5qosONCTRc_plM9Jac_Ca,#ffffff;#8c4a42;#94524a,,,Color: #ffffff;#8c4a42;#94524a,#ffffff,#8c4a42,#94524a,
10187,,,,,,,,,no-image
10188,https://drive.google.com/uc?export=view&id=19uRYBIoDUmUnOsZ_abpYPOyUHPXogPb8,#ffffff;#6b5252;#634a4a,,,Color: #ffffff;#6b5252;#634a4a,#ffffff,#6b5252,#634a4a,
10189,https://drive.google.com/uc?export=view&id=1K_iS2NVBKZOc_olTqxwwKQ1szwxQwgyL,#ffffff;#8c6b52;#94735a,,,Color: #ffffff;#8c6b52;#94735a,#ffffff,#8c6b52,#94735a,
10190,https://drive.google.com/uc?export=view&id=1p2CXm7lmlZ8sqTWLY2T4L0aTdGCGMQHO,#ffffff;#94735a;#9c7b63,,,Color: #ffffff;#94735a;#9c7b63,#ffffff,#94735a,#9c7b63,
10191,https://drive.google.com/uc?export=view&id=1wmzmTXBhYiqO-9SUgA9cAfHr1iNvpCmL,#ffffff;#9c4a3a;#9c6b52,,,Color: #ffffff;#9c4a3a;#9c6b52,#ffffff,#9c4a3a,#9c6b52,
10192,https://drive.google.com/uc?export=view&id=1Z3nEakWgTyhQr4Sf8l_3gr4C3pkmpTKo,#ffffff;#ad8c73;#a5846b,,,Color: #ffffff;#ad8c73;#a5846b,#ffffff,#ad8c73,#a5846b,
10193,https://drive.google.com/uc?export=view&id=14KAF3il4VkwTVhLx2BkOn4zzE2gofFqB,#ffffff;#8c6352;#8c6b5a,,,Color: #ffffff;#8c6352;#8c6b5a,#ffffff,#8c6352,#8c6b5a,
10194,https://drive.google.com/uc?export=view&id=1So3WKqxKTg4XT_lNqk564TBfIOJZ77uX,#ffffff;#947352;#9c7352,,,Color: #ffffff;#947352;#9c7352,#ffffff,#947352,#9c7352,
10195,https://drive.google.com/uc?export=view&id=1zU1-cB0EX8rfKUOd-F1Y0zfuGRzoki8Q,#ffffff;#bd9c7b;#bd9c84,,,Color: #ffffff;#bd9c7b;#bd9c84,#ffffff,#bd9c7b,#bd9c84,
10196,https://drive.google.com/uc?export=view&id=1fQf0o2TYpW8D0gaxRnYoSDN5nwYiQwQt,#ffffff;#7b5a4a;#6b5242,,,Color: #ffffff;#7b5a4a;#6b5242,#ffffff,#7b5a4a,#6b5242,
10197,https://drive.google.com/uc?export=view&id=1xBnhLaPMbCciEwZPgBIo-0RySs_4BL1c,#ffffff;#735a4a;#6b5242,,,Color: #ffffff;#735a4a;#6b5242,#ffffff,#735a4a,#6b5242,
10198,https://drive.google.com/uc?export=view&id=1BhJhTuRkuiMk7K5DO2G991-ZLVpNRHjN,#ffffff;#9c7b63;#8c6352,,,Color: #ffffff;#9c7b63;#8c6352,#ffffff,#9c7b63,#8c6352,
10199,https://drive.google.com/uc?export=view&id=1uusHuuPwmM1NaMbwBg-GKmknFzXA1zFD,#ffffff;#846b5a;#735a4a,,,Color: #ffffff;#846b5a;#735a4a,#ffffff,#846b5a,#735a4a,
10200,https://drive.google.com/uc?export=view&id=13a2kYSqW6PE0n7H0hTbu4snyzLtnfx9W,#8c3a3a;#943a3a;#944242,,,Color: #8c3a3a;#943a3a;#944242,#8c3a3a,#943a3a,#944242,
10201,https://drive.google.com/uc?export=view&id=1JII6auBM8RaydlSveHy_COJ-gzfdvs2V,#ffffff;#6b635a;#73635a,,,Color: #ffffff;#6b635a;#73635a,#ffffff,#6b635a,#73635a,
10202,https://drive.google.com/uc?export=view&id=1gXTwXzFWOIOCWR-ZB9Q4kwmkwZAJTR1w,#633a29;#6b4231;#6b4a3a,,,Color: #633a29;#6b4231;#6b4a3a,#633a29,#6b4231,#6b4a3a,
10203,https://drive.google.com/uc?export=view&id=1b3plkShlDB2sorl2t7d_zGJIzRNM04kJ,#ffffff;#ad6b52;#8c6b52,,,Color: #ffffff;#ad6b52;#8c6b52,#ffffff,#ad6b52,#8c6b52,
10204,https://drive.google.com/uc?export=view&id=1AfQ-2EondoDdFz6as0_LZ8hggBSdtmPl,#7b5a42;#634a3a;#84634a,,,Color: #7b5a42;#634a3a;#84634a,#7b5a42,#634a3a,#84634a,
10205,https://drive.google.com/uc?export=view&id=1KiyXY1FGRuZuZ_B_3e9gFuxZxuHdckpX,#ffffff;#7b5a42;#84634a,,,Color: #ffffff;#7b5a42;#84634a,#ffffff,#7b5a42,#84634a,
10206,https://drive.google.com/uc?export=view&id=1DDl4el1TLdMheekBCiSvrEANmSHtQoXJ,#ffffff;#947352;#9c7b5a,,,Color: #ffffff;#947352;#9c7b5a,#ffffff,#947352,#9c7b5a,
10207,https://drive.google.com/uc?export=view&id=1p4CcIMxpDbI_O_6QC91kyfGSWtUB85AN,#94846b;#6b524a;#948473,,,Color: #94846b;#6b524a;#948473,#94846b,#6b524a,#948473,
10208,https://drive.google.com/uc?export=view&id=17kqMP_G_KtoXuqN0mZZZw6XrBs4_UPBT,#6b5242;#634a3a;#635242,,,Color: #6b5242;#634a3a;#635242,#6b5242,#634a3a,#635242,
10209,https://drive.google.com/uc?export=view&id=1oVbq5ZYuVRpcBOb_h58H3sG9rVMv-OMY,#7b6b52;#735a4a;#736352,,,Color: #7b6b52;#735a4a;#736352,#7b6b52,#735a4a,#736352,
10210,https://drive.google.com/uc?export=view&id=1LyU665h6ZoNSotsbaRBfKVUnux-UDDkV,#ffffff;#8c6b5a;#947363,,,Color: #ffffff;#8c6b5a;#947363,#ffffff,#8c6b5a,#947363,
10211,https://drive.google.com/uc?export=view&id=1r9GKdcH2doAszTkIb_MTlnqYjpJZGFA8,#ffffff;#8c6b5a;#947363,,,Color: #ffffff;#8c6b5a;#947363,#ffffff,#8c6b5a,#947363,
10212,https://drive.google.com/uc?export=view&id=1lhmYfJeSCf4UuGO0UkFd-WO0zKE5D93m,#ffffff;#bd8473;#b58473,,,Color: #ffffff;#bd8473;#b58473,#ffffff,#bd8473,#b58473,
10213,https://drive.google.com/uc?export=view&id=1vqC4ArZKjhMfUrKtxhnlefseUF9yfCgB,#ffffff;#635a52;#52423a,,,Color: #ffffff;#635a52;#52423a,#ffffff,#635a52,#52423a,
10214,https://drive.google.com/uc?export=view&id=1nCxXhAoGuqbqk60jvGXqTEvNnyX2s_sA,#846b52;#8c735a;#7b634a,,,Color: #846b52;#8c735a;#7b634a,#846b52,#8c735a,#7b634a,
10215,https://drive.google.com/uc?export=view&id=1r5CjoCrNla1gBfasqUVuGERj7SnHsmrD,#ffffff;#6b635a;#73635a,,,Color: #ffffff;#6b635a;#73635a,#ffffff,#6b635a,#73635a,
10216,https://drive.google.com/uc?export=view&id=1X8NXIIMgrzBjnqJGSlglFnFqJuUvziGr,#ffffff;#8c7363;#a58c7b,,,Color: #ffffff;#8c7363;#a58c7b,#ffffff,#8c7363,#a58c7b,
10217,https://drive.google.com/uc?export=view&id=1b0vb_WDtYl2bBcIEzMuaSNPYv2ybD8JC,#ffffff;#9c4242;#943a3a,,,Color: #ffffff;#9c4242;#943a3a,#ffffff,#9c4242,#943a3a,
10218,https://drive.google.com/uc?export=view&id=1m_wo0RNIvd1zuRr15-CMNlvx_zjjw0pr,#ffffff;#94735a;#9c7b63,,,Color: #ffffff;#94735a;#9c7b63,#ffffff,#94735a,#9c7b63,
10219,,,,,,,,,no-image
10220,https://drive.google.com/uc?export=view&id=1LNv0lzfgFtki8KQcANbIRKDH_FuyeFcT,#8c7352;#947b5a;#8c6b52,,,Color: #8c7352;#947b5a;#8c6b52,#8c7352,#947b5a,#8c6b52,
10221,https://drive.google.com/uc?export=view&id=1W_xtU0I4NlALsBsyhKy02xDgz88f2NP_,#84634a;#8c6b52;#8c634a,,,Color: #84634a;#8c6b52;#8c634a,#84634a,#8c6b52,#8c634a,
10222,https://drive.google.com/uc?export=view&id=1J05rpxfP3tVHkURCDmJG8JP6iRLcKn5j,#ffffff;#9c847b;#9c8c84,,,Color: #ffffff;#9c847b;#9c8c84,#ffffff,#9c847b,#9c8c84,
10223,https://drive.google.com/uc?export=view&id=1QS5BUiexOfl9QE7A4-GD6uZHXBP7Ocr3,#ffffff;#94735a;#7b5a42,,,Color: #ffffff;#94735a;#7b5a42,#ffffff,#94735a,#7b5a42,
10224,https://drive.google.com/uc?export=view&id=1hyjNhVD8xeCSWNIQpy76z4tcj-0IHnXx,#945a4a;#8c6352;#946352,,,Color: #945a4a;#8c6352;#946352,#945a4a,#8c6352,#946352,
10225,https://drive.google.com/uc?export=view&id=1R0mdIzNu5gBplIrR7jz6W4cyQxwNIFQJ,#ffffff;#8c634a;#845a42,,,Color: #ffffff;#8c634a;#845a42,#ffffff,#8c634a,#845a42,
10226,https://drive.google.com/uc?export=view&id=1C7FPeemeUwO8w1CnD_mD8lcTrE2g3but,#a5735a;#ad8c6b;#ad8463,,,Color: #a5735a;#ad8c6b;#ad8463,#a5735a,#ad8c6b,#ad8463,
10227,https://drive.google.com/uc?export=view&id=16ziZFuW1o9ooKWcNgy8a8JWUPWaVovTH,#9c7b63;#94735a;#8c6b5a,,,Color: #9c7b63;#94735a;#8c6b5a,#9c7b63,#94735a,#8c6b5a,
10228,https://drive.google.com/uc?export=view&id=1n6L9BMDGFowRVLHQcZijM5F1x3QkGjlB,#ffffff;#8c7363;#947b6b,,,Color: #ffffff;#8c7363;#947b6b,#ffffff,#8c7363,#947b6b,
10229,https://drive.google.com/uc?export=view&id=12tKFy9nEMnyB7zv_DYpAkysX-_LSuOnO,#845a4a;#846352;#8c6352,,,Color: #845a4a;#846352;#8c6352,#845a4a,#846352,#8c6352,
10230,https://drive.google.com/uc?export=view&id=1HUlZO-68c5JEyjKwFMdsS_bEuOetqWy9,#84634a;#a5845a;#7b5a42,,,Color: #84634a;#a5845a;#7b5a42,#84634a,#a5845a,#7b5a42,
10231,https://drive.google.com/uc?export=view&id=1jgYEX3xgw-DSKRliA7qdKJBje1h6OqCq,#7b5a4a;#7b3a3a;#733a3a,,,Color: #7b5a4a;#7b3a3a;#733a3a,#7b5a4a,#7b3a3a,#733a3a,
10232,https://drive.google.com/uc?export=view&id=16wu_uyusQQ-8NPCmIt3uMImrxHOxCP3Q,#b5946b;#ad8c6b;#ad8c63,,,Color: #b5946b;#ad8c6b;#ad8c63,#b5946b,#ad8c6b,#ad8c63,
10233,,,,,,,,,no-image
10234,,,,,,,,,no-image
10235,https://drive.google.com/uc?export=view&id=1dEN97AX817wwGELGjRJCAUF6S4f-ruuY,#ffffff;#ad9473;#b59c7b,,,Color: #ffffff;#ad9473;#b59c7b,#ffffff,#ad9473,#b59c7b,
10236,https://drive.google.com/uc?export=view&id=1PeuWfSZTe2Fqtf7N4y1pwghUlqa5dCiw,#ffffff;#bd9473;#b58c6b,,,Color: #ffffff;#bd9473;#b58c6b,#ffffff,#bd9473,#b58c6b,
10237,https://drive.google.com/uc?export=view&id=1ByHo_C5bFxOAIafl1vCnT3DljygUgA8W,#9c846b;#947b63;#846352,,,Color: #9c846b;#947b63;#846352,#9c846b,#947b63,#846352,
10238,https://drive.google.com/uc?export=view&id=1pjc3aHzlb9sRsGzHV5uZPSmTZihG8jAM,#63524a;#6b5a52;#7b6b5a,,,Color: #63524a;#6b5a52;#7b6b5a,#63524a,#6b5a52,#7b6b5a,
10239,https://drive.google.com/uc?export=view&id=1krnVyilmzASrVmDWmF-BCtkVAn_f9dQM,#ffffff;#73634a;#635242,,,Color: #ffffff;#73634a;#635242,#ffffff,#73634a,#635242,
10240,,,,,,,,,no-image
10241,https://drive.google.com/uc?export=view&id=1l-ih8Ty5fkUeyem-SIWCpYjn6CUAot7p,#8c6b52;#94735a;#84634a,,,Color: #8c6b52;#94735a;#84634a,#8c6b52,#94735a,#84634a,
10242,https://drive.google.com/uc?export=view&id=1pTT0oQTtEL85xMJBclN8S3nsLxQLAoPf,#8c6b52;#84634a;#846b52,,,Color: #8c6b52;#84634a;#846b52,#8c6b52,#84634a,#846b52,
10243,https://drive.google.com/uc?export=view&id=1wUUyq3Uo_TE3nmTcIArA2kR1lUjBBV3B,#ad8c73;#a58c73;#b5947b,,,Color: #ad8c73;#a58c73;#b5947b,#ad8c73,#a58c73,#b5947b,
10244,,,,,,,,,no-image
10245,https://drive.google.com/uc?export=view&id=1DpDf-DVJlDVUkNPyJ3qva-mjY5rlY0cI,#846b63;#8c736b;#7b635a,,,Color: #846b63;#8c736b;#7b635a,#846b63,#8c736b,#7b635a,
10246,https://drive.google.com/uc?export=view&id=1DL9AhN5owSoRGwB4o2o_DgDwxVxGS_Vu,#8c524a;#945a52;#94524a,,,Color: #8c524a;#945a52;#94524a,#8c524a,#945a52,#94524a,
10247,https://drive.google.com/uc?export=view&id=1FCVKXR2lhcAPHhL8QyYCF9ZEC1HMsdXQ,#7b6b5a;#847363;#736352,,,Color: #7b6b5a;#847363;#736352,#7b6b5a,#847363,#736352,
10248,https://drive.google.com/uc?export=view&id=17KfhDUFtrQe92E49z7jBPMu97ZkmSejD,#947352;#8c7352;#8c6b4a,,,Color: #947352;#8c7352;#8c6b4a,#947352,#8c7352,#8c6b4a,
10249,https://drive.google.com/uc?export=view&id=18iu71o4_nvu_PtuDyQCBXKhwnU05ng8i,#8c7363;#7b6352;#947b6b,,,Color: #8c7363;#7b6352;#947b6b,#8c7363,#7b6352,#947b6b,
10250,https://drive.google.com/uc?export=view&id=1PnRMJf3UXPbDuCbAdXsS57oz5Es7JHVq,#63423a;#5a423a;#6b4a42,,,Color: #63423a;#5a423a;#6b4a42,#63423a,#5a423a,#6b4a42,
10251,https://drive.google.com/uc?export=view&id=1L531js-C0IBr4EqkNrrJKfkmUrhTRlqq,#947b63;#846b5a;#9c846b,,,Color: #947b63;#846b5a;#9c846b,#947b63,#846b5a,#9c846b,
10252,https://drive.google.com/uc?export=view&id=14Rlvb1K0KqUpgPhEs-yO9zvYBPcgrmU2,#ffffff;#735a4a;#9c6b52,,,Color: #ffffff;#735a4a;#9c6b52,#ffffff,#735a4a,#9c6b52,
10253,https://drive.google.com/uc?export=view&id=1dISqXHcs8jWHLX2V-y_9yRigVbwqrsf_,#ffffff;#947b6b;#846b5a,,,Color: #ffffff;#947b6b;#846b5a,#ffffff,#947b6b,#846b5a,
10254,https://drive.google.com/uc?export=view&id=1hYDgSWr5yxFY_6vYXT6TSULRXHf8zYeu,#8c7b63;#8c7b6b;#847363,,,Color: #8c7b63;#8c7b6b;#847363,#8c7b63,#8c7b6b,#847363,
10255,https://drive.google.com/uc?export=view&id=1i6v01DuQe0_jU0exZItraBPFoQkoYJYh,#7b6352;#846b5a;#7b6b5a,,,Color: #7b6352;#846b5a;#7b6b5a,#7b6352,#846b5a,#7b6b5a,
10256,,,,,,,,,no-image
10257,https://drive.google.com/uc?export=view&id=1HkdBW1FrFdirppu_UI-_XCkvY6ktWDSz,#8c6b5a;#947363;#846b5a,,,Color: #8c6b5a;#947363;#846b5a,#8c6b5a,#947363,#846b5a,
10258,https://drive.google.com/uc?export=view&id=1E9pCqXix7ECJeb8XhxFtidfbIiS7qi1X,#ffffff;#9c7b63;#a5846b,,,Color: #ffffff;#9c7b63;#a5846b,#ffffff,#9c7b63,#a5846b,
10259,https://drive.google.com/uc?export=view&id=1ZubifOciWq8WAAX0aQ4lQ55cEXAIuyZW,#a5846b;#ad8c73;#b5947b,,,Color: #a5846b;#ad8c73;#b5947b,#a5846b,#ad8c73,#b5947b,
10260,https://drive.google.com/uc?export=view&id=11mXZ6yBPEjdYCB8NYSnDIju2NhVDdItc,#ad8c6b;#a58463;#b59473,,,Color: #ad8c6b;#a58463;#b59473,#ad8c6b,#a58463,#b59473,
10261,https://drive.google.com/uc?export=view&id=1BbfhekuW5nn1NykPBjJ6KFyCSRkINdtw,#8c7b73;#9c8c7b;#948473,,,Color: #8c7b73;#9c8c7b;#948473,#8c7b73,#9c8c7b,#948473,
10262,https://drive.google.com/uc?export=view&id=10po1iLTN7H88Qbq5yUskUIR9vdotMT_k,#6b4a42;#6b524a;#73524a,,,Color: #6b4a42;#6b524a;#73524a,#6b4a42,#6b524a,#73524a,
10263,https://drive.google.com/uc?export=view&id=1YItBgHgEB4d1pYBRtRCmpoFY3zNIY2QF,#844242;#7b4242;#843a3a,,,Color: #844242;#7b4242;#843a3a,#844242,#7b4242,#843a3a,
10264,,,,,,,,,no-image
10265,https://drive.google.com/uc?export=view&id=1ZuGqcgGB8YEZyaagHlD8pObtweqjwBVH,#845a42;#8c634a;#94634a,,,Color: #845a42;#8c634a;#94634a,#845a42,#8c634a,#94634a,
10266,,,,,,,,,no-image
10267,https://drive.google.com/uc?export=view&id=1cUaeQts8W20E7wlWsvz5apsa_lmHKz1v,#946352;#ad8c6b;#8c5a4a,,,Color: #946352;#ad8c6b;#8c5a4a,#946352,#ad8c6b,#8c5a4a,
10268,,,,,,,,,no-image
10269,https://drive.google.com/uc?export=view&id=16Y7kZO2vQkkz2fEMeIr510KhFDv3-6Bs,#946b52;#9c735a;#8c6b52,,,Color: #946b52;#9c735a;#8c6b52,#946b52,#9c735a,#8c6b52,
10270,https://drive.google.com/uc?export=view&id=1W_Xxlbaf0AGbdSC2X-13eLZhPXkemkrH,#6b4a42;#63423a;#6b3131,,,Color: #6b4a42;#63423a;#6b3131,#6b4a42,#63423a,#6b3131,
10271,https://drive.google.com/uc?export=view&id=1v7RWWMeF0u2cerwJD0UqgojikZBLYbkM,#ad9473;#a58c6b;#b59c7b,,,Color: #ad9473;#a58c6b;#b59c7b,#ad9473,#a58c6b,#b59c7b,
10272,,,,,,,,,no-image
10273,https://drive.google.com/uc?export=view&id=1Drt43HNQGOg9y1ErUBSR8769Am0qWzmh,#9c8c73;#a5947b;#a58c73,,,Color: #9c8c73;#a5947b;#a58c73,#9c8c73,#a5947b,#a58c73,
10274,https://drive.google.com/uc?export=view&id=11ZZOtfAzR0kj15oElglD9z2-HZFys1oi,#947b6b;#8c7363;#8c7b6b,,,Color: #947b6b;#8c7363;#8c7b6b,#947b6b,#8c7363,#8c7b6b,
10275,,,,,,,,,no-image
10276,https://drive.google.com/uc?export=view&id=1OiOcnh-A14q98BwcUnW0QPmiXHbGRhDu,#ad9c8c;#a59484;#9c8c7b,,,Color: #ad9c8c;#a59484;#9c8c7b,#ad9c8c,#a59484,#9c8c7b,
10277,https://drive.google.com/uc?export=view&id=1Dx6Sbh06kbF0RreQC231sxNThosqV6_2,#844242;#8c4a4a;#843a3a,,,Color: #844242;#8c4a4a;#843a3a,#844242,#8c4a4a,#843a3a,
10278,https://drive.google.com/uc?export=view&id=1CT0ln-ZRArEPyCex6bH8sm57Yj6pCL-W,#ad947b;#b59c84;#a58c73,,,Color: #ad947b;#b59c84;#a58c73,#ad947b,#b59c84,#a58c73,
10279,,,,,,,,,no-image
10280,https://drive.google.com/uc?export=view&id=1X9asB6mveaKOl8uTh_8zqLdGcLq6A95X,#9c9c9c;#84736b;#8c7b73,,,Color: #9c9c9c;#84736b;#8c7b73,#9c9c9c,#84736b,#8c7b73,
10281,https://drive.google.com/uc?export=view&id=1zE-d8B1FGzqKnGt04hziWGa2njH1gIA2,#e6e6e6;#efefef;#ffffff,,,Color: #e6e6e6;#efefef;#ffffff,#e6e6e6,#efefef,#ffffff,
10282,,,,,,,,,no-image
10283,https://drive.google.com/uc?export=view&id=1qnBvxgFOUlRHRKCEIjHxaEQ8n8LdyO_X,#b59473;#bd9c7b;#ad8c6b,,,Color: #b59473;#bd9c7b;#ad8c6b,#b59473,#bd9c7b,#ad8c6b,
10284,https://drive.google.com/uc?export=view&id=1ReoIBjCMSGGbQk0oK8D5lrielBn7YNGw,#7b6b5a;#847363;#8c7b6b,,,Color: #7b6b5a;#847363;#8c7b6b,#7b6b5a,#847363,#8c7b6b,
10285,https://drive.google.com/uc?export=view&id=1yW2cj1lWalnPldzDhT78OLHLdtk1logL,#ad8c73;#946b5a;#9c7363,,,Color: #ad8c73;#946b5a;#9c7363,#ad8c73,#946b5a,#9c7363,
10286,https://drive.google.com/uc?export=view&id=1OEdiu7CbhKDpNzZbV9-6E2WvMWOyvlSR,#6b5a4a;#736352;#635242,,,Color: #6b5a4a;#736352;#635242,#6b5a4a,#736352,#635242,
10287,,,,,,,,,no-image
10288,https://drive.google.com/uc?export=view&id=1eSMtu9vvpIV6fnkLHEaVKtGVZ7TbiT-S,#ffffff;#191919;#101019,,,Color: #ffffff;#191919;#101019,#ffffff,#191919,#101019,
10289,,,,,,,,,no-image
10290,https://drive.google.com/uc?export=view&id=1xzD_F2opc2CGOIBmAfl9YjlF-A6V07J9,#8c7b6b;#947b6b;#948473,,,Color: #8c7b6b;#947b6b;#948473,#8c7b6b,#947b6b,#948473,
10291,https://drive.google.com/uc?export=view&id=1FWWVrPuR0VP6JoqzcjtS4CfTAma9suiv,#ffffff;#9c8473;#9c7b6b,,,Color: #ffffff;#9c8473;#9c7b6b,#ffffff,#9c8473,#9c7b6b,
10292,https://drive.google.com/uc?export=view&id=1OIndZfwzwfPsFzXURsnncV4rfCE4aVhn,#ffffff;#7b6b63;#73635a,,,Color: #ffffff;#7b6b63;#73635a,#ffffff,#7b6b63,#73635a,
10293,,,,,,,,,no-image
10294,https://drive.google.com/uc?export=view&id=15CvDZQQUo9khXXJee6Zj1vr6SWJAtx49,#ffffff;#080819;#080810,,,Color: #ffffff;#080819;#080810,#ffffff,#080819,#080810,
10295,https://drive.google.com/uc?export=view&id=1_xOHb-Wq8B5dkPXVRhWUDSP1HMpxauzV,#ffffff;#080819;#080810,,,Color: #ffffff;#080819;#080810,#ffffff,#080819,#080810,
10296,,,,,,,,,no-image
10297,,,,,,,,,no-image
10298,https://drive.google.com/uc?export=view&id=18CsCo14ACLZ_RAoGj1U_5ViGbp2YwSGt,#ffffff;#ce7373;#d67b7b,,,Color: #ffffff;#ce7373;#d67b7b,#ffffff,#ce7373,#d67b7b,
10299,https://drive.google.com/uc?export=view&id=1ja1gm-7RYx2dl2u-RdmglOMWZIp-g79d,#ffffff;#731010;#7b1919,,,Color: #ffffff;#731010;#7b1919,#ffffff,#731010,#7b1919,
10300,,,,,,,,,no-image
10301,https://drive.google.com/uc?export=view&id=1rJi8V2ujsJ1W0txegb9-1p-w1dARGPin,#ffffff;#a5948c;#9c948c,,,Color: #ffffff;#a5948c;#9c948c,#ffffff,#a5948c,#9c948c,
10302,https://drive.google.com/uc?export=view&id=1ZCayhhZlqGIoiCXcIQSS6T39IYMkJAnZ,#ffffff;#94846b;#8c7b63,,,Color: #ffffff;#94846b;#8c7b63,#ffffff,#94846b,#8c7b63,
10303,https://drive.google.com/uc?export=view&id=1v7LO6qCvyynv7UyHZLJW6JuXg0FohVJA,#ffffff;#94846b;#735a5a,,,Color: #ffffff;#94846b;#735a5a,#ffffff,#94846b,#735a5a,
10304,,,,,,,,,no-image
10305,https://drive.google.com/uc?export=view&id=1knrX_fVltlZOUbFWNoKqOPDfG9FVNlB7,#ffffff;#846352;#ad8c73,,,Color: #ffffff;#846352;#ad8c73,#ffffff,#846352,#ad8c73,
10306,https://drive.google.com/uc?export=view&id=1Ni5fvnTeB7F6f8FXm5WcWzbFXs0GDcMB,#ffffff;#b5a594;#ad9c8c,,,Color: #ffffff;#b5a594;#ad9c8c,#ffffff,#b5a594,#ad9c8c,
10307,https://drive.google.com/uc?export=view&id=19Dg0lXrENa2MuZMan6fEufbLQ7QG6UhR,#ffffff;#c5a58c;#bd9c84,,,Color: #ffffff;#c5a58c;#bd9c84,#ffffff,#c5a58c,#bd9c84,
10308,https://drive.google.com/uc?export=view&id=1YYUMWLKV_p7LX9e3Atq1hhHUJu3lnvLs,#ffffff;#9c8473;#ad9484,,,Color: #ffffff;#9c8473;#ad9484,#ffffff,#9c8473,#ad9484,
10309,https://drive.google.com/uc?export=view&id=1XTm0ejD1EbwFWbdyFi2B89mFYAuB0fM9,#ffffff;#947363;#ad8c73,,,Color: #ffffff;#947363;#ad8c73,#ffffff,#947363,#ad8c73,
10310,,,,,,,,,no-image
10311,https://drive.google.com/uc?export=view&id=1dEOoMBLXJzgYqys3pBGg0OqmdK88m27b,#ffffff;#634a42;#6b524a,,,Color: #ffffff;#634a42;#6b524a,#ffffff,#634a42,#6b524a,
10312,,,,,,,,,no-image
10313,https://drive.google.com/uc?export=view&id=1VzhVRsWbWpg-Haxr85uhDs0UCb5qmpf_,#ffffff;#a59484;#a58c7b,,,Color: #ffffff;#a59484;#a58c7b,#ffffff,#a59484,#a58c7b,
10314,https://drive.google.com/uc?export=view&id=1S-gZYHg-rSNElcT1l46_ghORqUAA1ZWB,#ffffff;#a58c7b;#9c8473,,,Color: #ffffff;#a58c7b;#9c8473,#ffffff,#a58c7b,#9c8473,
10315,https://drive.google.com/uc?export=view&id=1P2G_lrnyw8StBrNqP3XsFyMTGmevfY4-,#ffffff;#a58c84;#ad8c84,,,Color: #ffffff;#a58c84;#ad8c84,#ffffff,#a58c84,#ad8c84,
10316,,,,,,,,,no-image
10317,https://drive.google.com/uc?export=view&id=1a-lcPOWjVTyihYHKaF4Vx-13dmbKT1iD,#94735a;#9c7b63;#946b52,,,Color: #94735a;#9c7b63;#946b52,#94735a,#9c7b63,#946b52,
10318,https://drive.google.com/uc?export=view&id=1S0I7mgBiI3SCxBCUcUTJF5GjjVFj9tDe,#ffffff;#8c847b;#94847b,,,Color: #ffffff;#8c847b;#94847b,#ffffff,#8c847b,#94847b,
10319,,,,,,,,,no-image
10320,https://drive.google.com/uc?export=view&id=1MgH4jncC13nuq8p_n8yT_C3gDFsqgsfL,#ffffff;#947b73;#9c8473,,,Color: #ffffff;#947b73;#9c8473,#ffffff,#947b73,#9c8473,
10321,https://drive.google.com/uc?export=view&id=1JWCnPTy_ZFNSE2zPbuLZHLlxPWkB42Ka,#ffffff;#7b6352;#735a4a,,,Color: #ffffff;#7b6352;#735a4a,#ffffff,#7b6352,#735a4a,
10322,,,,,,,,,no-image
10323,https://drive.google.com/uc?export=view&id=11g1mrkhrwGdykTOD8hapFcKepz1KsI8o,#ffffff;#8c6b5a;#846352,,,Color: #ffffff;#8c6b5a;#846352,#ffffff,#8c6b5a,#846352,
10324,,,,,,,,,no-image
10325,https://drive.google.com/uc?export=view&id=1CUsvg0cHowpka2Yupt-fTwSWm8Zy1LgX,#ffffff;#844a4a;#845252,,,Color: #ffffff;#844a4a;#845252,#ffffff,#844a4a,#845252,
10326,,,,,,,,,no-image
10327,https://drive.google.com/uc?export=view&id=1WoQ9JisGs9RihFmwDVbm5J3ZcebJKVGb,#ffffff;#ad8c84;#b58c84,,,Color: #ffffff;#ad8c84;#b58c84,#ffffff,#ad8c84,#b58c84,
10328,https://drive.google.com/uc?export=view&id=1Ni-sFkz1r7nE4QjH4bTcUgZDzZ-YIRUa,#ffffff;#84634a;#9c7b5a,,,Color: #ffffff;#84634a;#9c7b5a,#ffffff,#84634a,#9c7b5a,
10329,https://drive.google.com/uc?export=view&id=1lwpuKHTArxuYwEodswxHzFEQC-F1VJIs,#ffffff;#ad947b;#efe6d6,,,Color: #ffffff;#ad947b;#efe6d6,#ffffff,#ad947b,#efe6d6,
10330,,,,,,,,,no-image
10331,https://drive.google.com/uc?export=view&id=1fcT8S7RjSdjmqA_yYAYwLrd_jFrdVcNP,#ffffff;#843a21;#8c634a,,,Color: #ffffff;#843a21;#8c634a,#ffffff,#843a21,#8c634a,
10332,https://drive.google.com/uc?export=view&id=17dsBf2tjQINSG_taYxFRwW23wdIGNyqR,#ffffff;#845252;#8c5252,,,Color: #ffffff;#845252;#8c5252,#ffffff,#845252,#8c5252,
10333,https://drive.google.com/uc?export=view&id=1CeZYLQjHhGvsdYU_lA9SkCnT3UtCm9RU,#ffffff;#a58473;#8c736b,,,Color: #ffffff;#a58473;#8c736b,#ffffff,#a58473,#8c736b,
10334,,,,,,,,,no-image
10335,,,,,,,,,no-image
10336,,,,,,,,,no-image
10337,,,,,,,,,no-image
10338,,,,,,,,,no-image
10339,,,,,,,,,no-image
10340,https://drive.google.com/uc?export=view&id=14-4mcGSxZqBPZ5lMbHztLb1kttu5gSK9,#ffffff;#8c7b73;#84736b,,,Color: #ffffff;#8c7b73;#84736b,#ffffff,#8c7b73,#84736b,
10341,https://drive.google.com/uc?export=view&id=1WxV5i0jt8ZuMAGeAby7gBt2-5ApdjoHP,#ffffff;#ad8c6b;#7b6352,,,Color: #ffffff;#ad8c6b;#7b6352,#ffffff,#ad8c6b,#7b6352,
10342,https://drive.google.com/uc?export=view&id=1GoU08cQ5NbwO52dC-aQAKpXmUw3Pfjmx,#ffffff;#8c7363;#947b6b,,,Color: #ffffff;#8c7363;#947b6b,#ffffff,#8c7363,#947b6b,
10343,,,,,,,,,no-image
10344,,,,,,,,,no-image
10345,https://drive.google.com/uc?export=view&id=1vGQN2GpdZxRvRMA2RJ4eMUuqG2nwOSxP,#ffffff;#ad847b;#ad8c7b,,,Color: #ffffff;#ad847b;#ad8c7b,#ffffff,#ad847b,#ad8c7b,
10346,https://drive.google.com/uc?export=view&id=1YhS4kJ0IO5SXzFR2W9Pl14AaZrndN_LV,#ffffff;#947363;#8c6b5a,,,Color: #ffffff;#947363;#8c6b5a,#ffffff,#947363,#8c6b5a,
10347,https://drive.google.com/uc?export=view&id=1BBUavBylBG5Ry9Vr_AslkcnL-BnX7QBZ,#ffffff;#a51919;#ad2119,,,Color: #ffffff;#a51919;#ad2119,#ffffff,#a51919,#ad2119,
10348,,,,,,,,,no-image
10349,https://drive.google.com/uc?export=view&id=1PxebpW4zAGOxfu_i_520g98ObS2OcvQg,#ffffff;#9c7363;#946b5a,,,Color: #ffffff;#9c7363;#946b5a,#ffffff,#9c7363,#946b5a,
10350,https://drive.google.com/uc?export=view&id=1eQ-AF0vZOIYJ_WvGSJbo2fiv4uXUJbE4,#ffffff;#ad635a;#ad5a52,,,Color: #ffffff;#ad635a;#ad5a52,#ffffff,#ad635a,#ad5a52,
10351,https://drive.google.com/uc?export=view&id=1xKuGtoUVf4ZEw325lbY3CuTohSIR1MOa,#ffffff;#7b6b63;#84736b,,,Color: #ffffff;#7b6b63;#84736b,#ffffff,#7b6b63,#84736b,
10352,,,,,,,,,no-image
10353,,,,,,,,,no-image
10354,https://drive.google.com/uc?export=view&id=16jBeVOjYFM63bYxlbybfV2HA0c91LpR1,#ffffff;#9c8c84;#94847b,,,Color: #ffffff;#9c8c84;#94847b,#ffffff,#9c8c84,#94847b,
10355,https://drive.google.com/uc?export=view&id=1MlycpiCgWjad79DRQFiC-nAUnWH6sMOQ,#101010;#8c736b;#080808,,,Color: #101010;#8c736b;#080808,#101010,#8c736b,#080808,
10356,https://drive.google.com/uc?export=view&id=1IpKtyt_9ds0bZN2nUjcEY8v15V2vt7bj,#ffffff;#ad8473;#a57b6b,,,Color: #ffffff;#ad8473;#a57b6b,#ffffff,#ad8473,#a57b6b,
10357,https://drive.google.com/uc?export=view&id=18PhhwV-mgyr5dPcEjcL1pFi9RntyS7RD,#ffffff;#94847b;#8c7b73,,,Color: #ffffff;#94847b;#8c7b73,#ffffff,#94847b,#8c7b73,
10358,https://drive.google.com/uc?export=view&id=1h-Zl3jgUvCvLQZ_ioR6grcz8XiBuj6xK,#948473;#9c8c7b;#8c7b6b,,,Color: #948473;#9c8c7b;#8c7b6b,#948473,#9c8c7b,#8c7b6b,
10359,https://drive.google.com/uc?export=view&id=1NosEOG5isnhyBgWe4S5sXoNU8XnVXpnW,#ffffff;#8c6b52;#946b52,,,Color: #ffffff;#8c6b52;#946b52,#ffffff,#8c6b52,#946b52,
10360,,,,,,,,,no-image
10361,,,,,,,,,no-image
10362,,,,,,,,,no-image
10363,https://drive.google.com/uc?export=view&id=18FEHXDlSrxLw778orVlrZQtKrvIURQtg,#ffffff;#ad8c6b;#a58463,,,Color: #ffffff;#ad8c6b;#a58463,#ffffff,#ad8c6b,#a58463,
10364,https://drive.google.com/uc?export=view&id=1k6xlMUliTsQF6Ewm0_xkYsPVWrgcyAdl,#8c7b6b;#947b6b;#846b63,,,Color: #8c7b6b;#947b6b;#846b63,#8c7b6b,#947b6b,#846b63,
10365,,,,,,,,,no-image
10366,,,,,,,,,no-image
10367,https://drive.google.com/uc?export=view&id=1KmOKyxHGaTbfV7tFSCBvq2iHc6upALwr,#ffffff;#8c634a;#845a4a,,,Color: #ffffff;#8c634a;#845a4a,#ffffff,#8c634a,#845a4a,
10368,,,,,,,,,no-image
10369,https://drive.google.com/uc?export=view&id=12ihBoltt3DtWYiCiQah00UyM0U5msozC,#ffffff;#6b5a52;#7b6b5a,,,Color: #ffffff;#6b5a52;#7b6b5a,#ffffff,#6b5a52,#7b6b5a,
10370,https://drive.google.com/uc?export=view&id=1L55kYXJ5CBtlBuSUxm2Kzk5tMkxz70yN,#ffffff;#31423a;#de948c,,,Color: #ffffff;#31423a;#de948c,#ffffff,#31423a,#de948c,
10371,https://drive.google.com/uc?export=view&id=1lZXClqeSoj1kflb7m-5XjtQ_oIgsCUuF,#ffffff;#9c847b;#a58c84,,,Color: #ffffff;#9c847b;#a58c84,#ffffff,#9c847b,#a58c84,
10372,,,,,,,,,no-image
10373,https://drive.google.com/uc?export=view&id=1LzluZ5zcUACuCH9g7Ht2VNiObxQCQGk8,#8c5242;#7b6352;#846b5a,,,Color: #8c5242;#7b6352;#846b5a,#8c5242,#7b6352,#846b5a,
10374,https://drive.google.com/uc?export=view&id=19AcgjTmT6ZqVsU5GPvNoK18s83u8FfOr,#8c6b52;#a57b63;#9c735a,,,Color: #8c6b52;#a57b63;#9c735a,#8c6b52,#a57b63,#9c735a,
10375,https://drive.google.com/uc?export=view&id=1hbQ0_Sxs6NhJ6bjVLqqgiBC0BP_t3l14,#ffffff;#7b5a52;#84635a,,,Color: #ffffff;#7b5a52;#84635a,#ffffff,#7b5a52,#84635a,
10376,https://drive.google.com/uc?export=view&id=16xifs9Ap5BfvO2AnY7UKBCr25HXWpteI,#ffffff;#f7efce;#846b5a,,,Color: #ffffff;#f7efce;#846b5a,#ffffff,#f7efce,#846b5a,
10377,https://drive.google.com/uc?export=view&id=15S5mzGx27kK7rvB3vE-OX0r9VpG7m6rK,#ffffff;#847363;#b59c8c,,,Color: #ffffff;#847363;#b59c8c,#ffffff,#847363,#b59c8c,
10378,https://drive.google.com/uc?export=view&id=1Vs66PV4lSS0V0nvjql9AOHsBxnWjg-j8,#ffffff;#213a5a;#293a5a,,,Color: #ffffff;#213a5a;#293a5a,#ffffff,#213a5a,#293a5a,
10379,https://drive.google.com/uc?export=view&id=12F-u0I_l-Glid0oCoRAaBdL58gLCtxj6,#ffffff;#ad947b;#6b5252,,,Color: #ffffff;#ad947b;#6b5252,#ffffff,#ad947b,#6b5252,
10380,https://drive.google.com/uc?export=view&id=1oMIHRqIhDvvGt2Y9WTQUlofdYgGXC6WK,#ffffff;#947363;#8c6b5a,,,Color: #ffffff;#947363;#8c6b5a,#ffffff,#947363,#8c6b5a,
10381,https://drive.google.com/uc?export=view&id=13BRjVv0W6Ri3kbCPpV6Ri3q1ed1xPOf2,#6b5242;#6b634a;#735a4a,,,Color: #6b5242;#6b634a;#735a4a,#6b5242,#6b634a,#735a4a,
10382,https://drive.google.com/uc?export=view&id=1psl7RGgb_76dQ1VWxAYPO0ft1WigJX6l,#731010;#7b1019;#731019,,,Color: #731010;#7b1019;#731019,#731010,#7b1019,#731019,
10383,https://drive.google.com/uc?export=view&id=1_tEgtHirQHzlEsV0oAy0V_a3hd7YqXIQ,#6b0810;#630810;#5a1919,,,Color: #6b0810;#630810;#5a1919,#6b0810,#630810,#5a1919,
10384,https://drive.google.com/uc?export=view&id=17dPnTAtIfKxpnrzyq8wd2_F75fGnHBgI,#ffffff;#c5b5a5;#bdad9c,,,Color: #ffffff;#c5b5a5;#bdad9c,#ffffff,#c5b5a5,#bdad9c,
10385,https://drive.google.com/uc?export=view&id=10wfD-DBQRMSOWTdSB1NfARILpLRjyC1C,#ffffff;#736b6b;#6b6363,,,Color: #ffffff;#736b6b;#6b6363,#ffffff,#736b6b,#6b6363,
10386,https://drive.google.com/uc?export=view&id=1HHS2f-bA_yq4aipYhgrFI6FKQ3ey4yvC,#b57373;#bd7b7b;#b56b73,,,Color: #b57373;#bd7b7b;#b56b73,#b57373,#bd7b7b,#b56b73,
10387,,,,,,,,,no-image
10388,https://drive.google.com/uc?export=view&id=1PmOQg6BWUaFaWaEnrY79NGvC9acZgvBN,#212929;#7b6b63;#73635a,,,Color: #212929;#7b6b63;#73635a,#212929,#7b6b63,#73635a,
10389,https://drive.google.com/uc?export=view&id=13WykY-Hf_m-hH4aKSdLrAdKMKEefx55X,#8c7b73;#8c847b;#94847b,,,Color: #8c7b73;#8c847b;#94847b,#8c7b73,#8c847b,#94847b,
10390,https://drive.google.com/uc?export=view&id=1POHxxgOmXjU8mH9PRGmeYsS5eCrbmHHN,#ffffff;#ad8452;#c58c63,,,Color: #ffffff;#ad8452;#c58c63,#ffffff,#ad8452,#c58c63,
10391,https://drive.google.com/uc?export=view&id=1fTHloVmOrUJKURwsta_TCcVknsdItLXh,#ffffff;#a5948c;#948c84,,,Color: #ffffff;#a5948c;#948c84,#ffffff,#a5948c,#948c84,
10392,https://drive.google.com/uc?export=view&id=1NT0Y1VJEjGow_Hc8H8jeJRb0lVNB66VF,#ffffff;#7b7b84;#848484,,,Color: #ffffff;#7b7b84;#848484,#ffffff,#7b7b84,#848484,
10393,https://drive.google.com/uc?export=view&id=1BCcDukaN-_yftDwKsraQiOAIGWltNFvf,#ffffff;#736352;#635a4a,,,Color: #ffffff;#736352;#635a4a,#ffffff,#736352,#635a4a,
10394,https://drive.google.com/uc?export=view&id=1iJl9CSlL9XCZ1dQUN6xEggS1nf2v9cy6,#212929;#293131;#847b73,,,Color: #212929;#293131;#847b73,#212929,#293131,#847b73,
10395,,,,,,,,,no-image
10396,,,,,,,,,no-image
10397,,,,,,,,,no-image
10398,https://drive.google.com/uc?export=view&id=1c35zcjalTabBz_3c9eG5-oT8Mr1XyNvo,#ffffff;#212131;#63423a,,,Color: #ffffff;#212131;#63423a,#ffffff,#212131,#63423a,
10399,https://drive.google.com/uc?export=view&id=1zlnOchJD4m-GeY3y4OE0quWKrNkP1vWr,#ffffff;#6b5252;#735a52,,,Color: #ffffff;#6b5252;#735a52,#ffffff,#6b5252,#735a52,
10401,https://drive.google.com/uc?export=view&id=1fuyj1NF2_ckeviXTVbdSlCt-Hdb8AgcV,#ffffff;#734a3a;#84634a,,,Color: #ffffff;#734a3a;#84634a,#ffffff,#734a3a,#84634a,
10402,https://drive.google.com/uc?export=view&id=1Q8zh8dAImbC_VvILbeajvvtRR_1zoJTT,#ffffff;#8c7363;#947b6b,,,Color: #ffffff;#8c7363;#947b6b,#ffffff,#8c7363,#947b6b,
10403,https://drive.google.com/uc?export=view&id=1olcLFAH5ZynHmIATc6Lr8recNwKr377S,#ffffff;#a5846b;#9c735a,,,Color: #ffffff;#a5846b;#9c735a,#ffffff,#a5846b,#9c735a,
10404,https://drive.google.com/uc?export=view&id=1j27A4uxojgr0uw9FqKQVdkNsJM9exLN8,#ffffff;#7b6352;#846b5a,,,Color: #ffffff;#7b6352;#846b5a,#ffffff,#7b6352,#846b5a,
10405,https://drive.google.com/uc?export=view&id=1Nd4KniygAzWn3rL5qJ0LEmD63SByj_OM,#ffffff;#8c634a;#946b52,,,Color: #ffffff;#8c634a;#946b52,#ffffff,#8c634a,#946b52,
10406,https://drive.google.com/uc?export=view&id=1IISvE52Wqigy7dJ7coO2QoPecuGTVVGH,#ffffff;#9c7b63;#94735a,,,Color: #ffffff;#9c7b63;#94735a,#ffffff,#9c7b63,#94735a,
10407,https://drive.google.com/uc?export=view&id=1PFuc0npMyCBJVOXstceRVFlSaaTZiBhO,#ffffff;#8c634a;#946b52,,,Color: #ffffff;#8c634a;#946b52,#ffffff,#8c634a,#946b52,
10408,https://drive.google.com/uc?export=view&id=1UjoXu5J8DvzcBOxoHkktJAMtS9QCkllc,#ffffff;#ad8c6b;#b59473,,,Color: #ffffff;#ad8c6b;#b59473,#ffffff,#ad8c6b,#b59473,
10409,https://drive.google.com/uc?export=view&id=10ARZMMIbRGz5Mfi6e3YTKkHsXeL0Wv8p,#ffffff;#a57b63;#9c735a,,,Color: #ffffff;#a57b63;#9c735a,#ffffff,#a57b63,#9c735a,
10410,https://drive.google.com/uc?export=view&id=1xWEOKZ_UXlCJfSp88Z-as9Vv-DFXKsEx,#ffffff;#ad8c6b;#b59473,,,Color: #ffffff;#ad8c6b;#b59473,#ffffff,#ad8c6b,#b59473,
10411,https://drive.google.com/uc?export=view&id=1HdXF4TgJS3g_CEzgwbCWeU8FArR0K0b_,#ffffff;#6b3a3a;#734242,,,Color: #ffffff;#6b3a3a;#734242,#ffffff,#6b3a3a,#734242,
10412,https://drive.google.com/uc?export=view&id=1R-rYejknIqDsObZodW0LR_thbP20jvEt,#ffffff;#9c846b;#947b63,,,Color: #ffffff;#9c846b;#947b63,#ffffff,#9c846b,#947b63,
10413,https://drive.google.com/uc?export=view&id=1EABoj9KWVzZcE8Etz9UEsCVP7sMKsQ-B,#ffffff;#8c735a;#7b634a,,,Color: #ffffff;#8c735a;#7b634a,#ffffff,#8c735a,#7b634a,
10416,https://drive.google.com/uc?export=view&id=1ziP3uavup_ZImt3zkV0tZTi9UiXnA1Eg,#ffffff;#735a52;#846b63,,,Color: #ffffff;#735a52;#846b63,#ffffff,#735a52,#846b63,
10417,https://drive.google.com/uc?export=view&id=1XVI0OhMa2t-RD31KUtQdSZpcRsbSKSXb,#ffffff;#8c6352;#946b5a,,,Color: #ffffff;#8c6352;#946b5a,#ffffff,#8c6352,#946b5a,
10418,https://drive.google.com/uc?export=view&id=1b528ZESEqhRu6A6Qfjf5WT4YBcrOuvU1,#ffffff;#bd946b;#bd9473,,,Color: #ffffff;#bd946b;#bd9473,#ffffff,#bd946b,#bd9473,
10420,https://drive.google.com/uc?export=view&id=1omuDNPK2BkYi5yNgB02MJPYPDBs3E58P,#ffffff;#7b6352;#94735a,,,Color: #ffffff;#7b6352;#94735a,#ffffff,#7b6352,#94735a,
10421,https://drive.google.com/uc?export=view&id=1LZXF96xi5PosPp_1tvio-zu11vQboYMu,#ffffff;#6b5242;#735a4a,,,Color: #ffffff;#6b5242;#735a4a,#ffffff,#6b5242,#735a4a,
10422,https://drive.google.com/uc?export=view&id=18kekRxLgtOLIfSm-sM_g62ngotk4mpob,#ffffff;#847363;#8c7b6b,,,Color: #ffffff;#847363;#8c7b6b,#ffffff,#847363,#8c7b6b,
10423,https://drive.google.com/uc?export=view&id=1JDQnT2a9qMVSJGjLKeS_1GU2jV-dCSAI,#ffffff;#9c846b;#a58c73,,,Color: #ffffff;#9c846b;#a58c73,#ffffff,#9c846b,#a58c73,
10424,https://drive.google.com/uc?export=view&id=1YsRnndyboO3mbtBUwTTDC9HwxEybNFD5,#ffffff;#84634a;#6b4a3a,,,Color: #ffffff;#84634a;#6b4a3a,#ffffff,#84634a,#6b4a3a,
10425,https://drive.google.com/uc?export=view&id=1KKMQGJ5IyLyQRsR0oSp6Zqib4D1V3giG,#ffffff;#947b73;#947b6b,,,Color: #ffffff;#947b73;#947b6b,#ffffff,#947b73,#947b6b,
10427,https://drive.google.com/uc?export=view&id=17WvkbskHA1a9p2MFe_8iV-fcSXMSRET9,#ffffff;#6b423a;#633a31,,,Color: #ffffff;#6b423a;#633a31,#ffffff,#6b423a,#633a31,
10429,https://drive.google.com/uc?export=view&id=1ERJ_CvwOapFXSnV03oHhtmL7qs9xVf4W,#ffffff;#b59c84;#bda584,,,Color: #ffffff;#b59c84;#bda584,#ffffff,#b59c84,#bda584,
10431,https://drive.google.com/uc?export=view&id=1rM449mBYeuBSmkREGgWWvk5l4hIEq1ft,#a5293a;#a52131;#9c2131,,,Color: #a5293a;#a52131;#9c2131,#a5293a,#a52131,#9c2131,
10432,https://drive.google.com/uc?export=view&id=1ncW4JxzbekXJQodz8BNvIbWVGvNRkQJW,#ffffff;#6b4a42;#634a42,,,Color: #ffffff;#6b4a42;#634a42,#ffffff,#6b4a42,#634a42,
10433,https://drive.google.com/uc?export=view&id=10cazz4dwpWWPVH28D8AoKluChEhuMLuC,#524a42;#4a423a;#52423a,,,Color: #524a42;#4a423a;#52423a,#524a42,#4a423a,#52423a,
10434,https://drive.google.com/uc?export=view&id=1T-M7QJFEyNP8yC3xiN_xIEIo5NRg7TRn,#735a52;#5a4a4a;#7b5a52,,,Color: #735a52;#5a4a4a;#7b5a52,#735a52,#5a4a4a,#7b5a52,
10436,https://drive.google.com/uc?export=view&id=1dnF46HTiRBCSHAYqwDF7cvN-XqurLsJg,#efefef;#e6e6e6;#ffffff,,,Color: #efefef;#e6e6e6;#ffffff,#efefef,#e6e6e6,#ffffff,
10437,https://drive.google.com/uc?export=view&id=1qoFoda0LHIfVSMfwB6sWtGWPZSY9T4_U,#736352;#524a42;#5a4a42,,,Color: #736352;#524a42;#5a4a42,#736352,#524a42,#5a4a42,
10438,https://drive.google.com/uc?export=view&id=150T_qkaN8EUahYRIO8Rf7lfHneBAnmBn,#947b6b;#8c736b;#846b63,,,Color: #947b6b;#8c736b;#846b63,#947b6b,#8c736b,#846b63,
10441,https://drive.google.com/uc?export=view&id=1pNldF98nm2yGAy2BSPTQpw-9QYVZQRMP,#8c3a31;#73635a;#7b635a,,,Color: #8c3a31;#73635a;#7b635a,#8c3a31,#73635a,#7b635a,
10442,https://drive.google.com/uc?export=view&id=1uLodhgEaWmDKbxl9pCRZZ0P14-pJN4qK,#8c1919;#942121;#735a4a,,,Color: #8c1919;#942121;#735a4a,#8c1919,#942121,#735a4a,
10451,https://drive.google.com/uc?export=view&id=1AWkyDlEJ3Ky__YyqEIhQPRTXKatnc3-_,#ffffff;#9c7b4a;#947342,,,Color: #ffffff;#9c7b4a;#947342,#ffffff,#9c7b4a,#947342,
10472,https://drive.google.com/uc?export=view&id=10JbchorkJgreGnhGy5KPkDFM8yRBOxHk,#ffffff;#ceb58c;#d6bd94,,,Color: #ffffff;#ceb58c;#d6bd94,#ffffff,#ceb58c,#d6bd94,
11601,https://drive.google.com/uc?export=view&id=17PC2AMcJlwmMXnX4pt2tqU-_CJWfQ9Os,#ffffff;#8c635a;#946b63,,,Color: #ffffff;#8c635a;#946b63,#ffffff,#8c635a,#946b63,
13017,https://drive.google.com/uc?export=view&id=1FINwGwAqsXirFMw12SLTel5XUH6V1VbV,#ffffff;#8c634a;#845a42,,,Color: #ffffff;#8c634a;#845a42,#ffffff,#8c634a,#845a42,
13101,https://drive.google.com/uc?export=view&id=1mxsnk1aJK2CgjKGSO9J_6I-wWfwnvt6P,#000000;#7b7b73;#6b5a52,,,Color: #000000;#7b7b73;#6b5a52,#000000,#7b7b73,#6b5a52,
13293,https://drive.google.com/uc?export=view&id=1Ru0RoE0RMEHvMnlltlnQVcWgUXHMUSO9,#000000;#6b4a3a;#735242,,,Color: #000000;#6b4a3a;#735242,#000000,#6b4a3a,#735242,
13296,https://drive.google.com/uc?export=view&id=1OHQxrvVycaV4WmiosFINntCzlutDvD69,#735a4a;#846b52;#7b6352,,,Color: #735a4a;#846b52;#7b6352,#735a4a,#846b52,#7b6352,
13297,https://drive.google.com/uc?export=view&id=1QZEb6JA8e-WDxEJeeeCCAU6oXiXiYFZl,#b59c84;#bda58c;#ad947b,,,Color: #b59c84;#bda58c;#ad947b,#b59c84,#bda58c,#ad947b,
13758,https://drive.google.com/uc?export=view&id=1TysaNiEVFRbWo4esSuvL5Zp2Zhvfl6WD,#ffffff;#736b6b;#737373,,,Color: #ffffff;#736b6b;#737373,#ffffff,#736b6b,#737373,
13759,https://drive.google.com/uc?export=view&id=1D8p0zUVJ2-avDZ7qzZ3dBuua6WZs_4sY,#ffffff;#f7f7f7;#efefef,,,Color: #ffffff;#f7f7f7;#efefef,#ffffff,#f7f7f7,#efefef,
14360,https://drive.google.com/uc?export=view&id=1RDXb6pXGEsIoD6mX-mZtyuIFY2mKP-wT,#732129;#634a3a;#6b5242,,,Color: #732129;#634a3a;#6b5242,#732129,#634a3a,#6b5242,
14440,https://drive.google.com/uc?export=view&id=1PM01AlaT8RAJ1h85WpS5N1_F1u3de8UH,#000000;#634a3a;#6b5242,,,Color: #000000;#634a3a;#6b5242,#000000,#634a3a,#6b5242,
14442,https://drive.google.com/uc?export=view&id=1qQu48dm0ohojjCwmDN9B2pV0UbC5oUV1,#ffffff;#846b52;#8c735a,,,Color: #ffffff;#846b52;#8c735a,#ffffff,#846b52,#8c735a,
14443,https://drive.google.com/uc?export=view&id=1mD4klz-sQJnOh2B50bj0phorGCvUJj7Q,#a58c73;#a5846b;#ad947b,,,Color: #a58c73;#a5846b;#ad947b,#a58c73,#a5846b,#ad947b,
14479,https://drive.google.com/uc?export=view&id=1HRqVhLDgVT33tTzSFywZ-KH56Zc80on9,#ffffff;#8c7363;#8c735a,,,Color: #ffffff;#8c7363;#8c735a,#ffffff,#8c7363,#8c735a,
14890,https://drive.google.com/uc?export=view&id=1tFOY4BaNjMmFJdGXD5_KrxbQUp-tWplM,#ffffff;#b5947b;#ad8c73,,,Color: #ffffff;#b5947b;#ad8c73,#ffffff,#b5947b,#ad8c73,
15077,https://drive.google.com/uc?export=view&id=1c5UbxLrW3hC_1UsQreRGYZM34qRl15MA,#ffffff;#6b5a52;#73635a,,,Color: #ffffff;#6b5a52;#73635a,#ffffff,#6b5a52,#73635a,
15081,https://drive.google.com/uc?export=view&id=1Seki_M8qXLZwVv5xO8vKLZM-A5l8PCaY,#ada59c;#a59c94;#94847b,,,Color: #ada59c;#a59c94;#94847b,#ada59c,#a59c94,#94847b,
15101,https://drive.google.com/uc?export=view&id=15H_1JtGY1I9Whwz04f7W9IN9gSBFpPWR,#ffffff;#846b5a;#8c7363,,,Color: #ffffff;#846b5a;#8c7363,#ffffff,#846b5a,#8c7363,
15114,https://drive.google.com/uc?export=view&id=1fy_5LvaZJ_-QdKFNDBxub1raM4sD5aus,#ffffff;#52423a;#6b5a52,,,Color: #ffffff;#52423a;#6b5a52,#ffffff,#52423a,#6b5a52,
15191,https://drive.google.com/uc?export=view&id=1BqmL2jJ7QKH1o2bZsT8Z20_TnQdtV3X8,#ffffff;#5a3131;#735a4a,,,Color: #ffffff;#5a3131;#735a4a,#ffffff,#5a3131,#735a4a,
15198,https://drive.google.com/uc?export=view&id=1KfSufRvpObKkwfpTTm6jwE2RTFQIuS_7,#ffffff;#735a52;#846b63,,,Color: #ffffff;#735a52;#846b63,#ffffff,#735a52,#846b63,
15237,https://drive.google.com/uc?export=view&id=1oINUF5gR8SNZJQNUhfYBjVDBrCR5SrD-,#735a4a;#6b5242;#846b52,,,Color: #735a4a;#6b5242;#846b52,#735a4a,#6b5242,#846b52,
15356,https://drive.google.com/uc?export=view&id=1RbOEyxdVxKhcPvMWvSLK_L-5LGW8g6BE,#ffffff;#9c8c84;#c5c5bd,,,Color: #ffffff;#9c8c84;#c5c5bd,#ffffff,#9c8c84,#c5c5bd,
16189,https://drive.google.com/uc?export=view&id=1XDILcDPC8gzz3MXnKS-vV03fYImfujzc,#8c6b52;#7b5a4a;#947b5a,,,Color: #8c6b52;#7b5a4a;#947b5a,#8c6b52,#7b5a4a,#947b5a,
16192,https://drive.google.com/uc?export=view&id=1Frl6HJCKtA0vM52xoJqypkBoElUfSJtn,#ffffff;#a58463;#9c7b5a,,,Color: #ffffff;#a58463;#9c7b5a,#ffffff,#a58463,#9c7b5a,
16194,https://drive.google.com/uc?export=view&id=1DmkPUDiv0a-2aoOrhkTnT2V__EHr8CIg,#947b63;#8c735a;#847352,,,Color: #947b63;#8c735a;#847352,#947b63,#8c735a,#847352,
16390,https://drive.google.com/uc?export=view&id=1q_ta8OKx9f5DAWJQ9a45X8mjgL3ZSC4E,#ffffff;#736363;#6b6363,,,Color: #ffffff;#736363;#6b6363,#ffffff,#736363,#6b6363,
16450,https://drive.google.com/uc?export=view&id=1P2-snbEnNoboHOptUc8Ey-75CKmYGIwX,#ffffff;#7b5a4a;#84634a,,,Color: #ffffff;#7b5a4a;#84634a,#ffffff,#7b5a4a,#84634a,
16476,https://drive.google.com/uc?export=view&id=1iVQ9ve8UrXPp0_8AvfQnYuxMGcDy3ryF,#5a4a42;#3a3a3a;#5a423a,,,Color: #5a4a42;#3a3a3a;#5a423a,#5a4a42,#3a3a3a,#5a423a,
16523,https://drive.google.com/uc?export=view&id=1xH4Vnkyn9ovdij80rpntheX6uKhrUGK8,#ffffff;#944a52;#94424a,,,Color: #ffffff;#944a52;#94424a,#ffffff,#944a52,#94424a,
16532,https://drive.google.com/uc?export=view&id=1NwoiGOOrF047KySdEPd6h0dSMFSB41hX,#312121;#3a2929;#3a2921,,,Color: #312121;#3a2929;#3a2921,#312121,#3a2929,#3a2921,
16533,https://drive.google.com/uc?export=view&id=1Ixu_7RzE7wPu7esRbOs8vx4lFw3ttV2L,#634a31;#6b523a;#5a4231,,,Color: #634a31;#6b523a;#5a4231,#634a31,#6b523a,#5a4231,
16547,https://drive.google.com/uc?export=view&id=1E-fxtnsAZigAMjGA04dlQQSyBrthno_X,#ffffff;#9c8c73;#94846b,,,Color: #ffffff;#9c8c73;#94846b,#ffffff,#9c8c73,#94846b,
16548,https://drive.google.com/uc?export=view&id=1R0aGnOSoiefKKW-CG0HFtu76OO-Q81Bp,#ffffff;#73635a;#7b6b63,,,Color: #ffffff;#73635a;#7b6b63,#ffffff,#73635a,#7b6b63,
16549,https://drive.google.com/uc?export=view&id=1MWtsKNqaa4SX1z75N3C4-xOrIV75MFAh,#ffffff;#7b6363;#b5736b,,,Color: #ffffff;#7b6363;#b5736b,#ffffff,#7b6363,#b5736b,
